objectid,filename,title,publisher,creator,date,description,format,genre,medium,subject,location,latitude,longitude,language,is_part_of,collection,source,object_location,reference_url,rights,rightsstatement,parentid
w_loring,,William Wing Loring,,,,"William Wing Loring (1818-1886) was a career military officer who fought in the Florida Seminole Wars, the Mexican American War, the Civil War, and the Egyptian Ethiopian War. He lost his left arm in a battle during the Mexican American War, and subsequently posed with his left sleeve pinned to his chest. He was a commanding Confederate General. During his service to the Khedive, an occupation that lasted ten years from 1869 to 1879, Loring was charged with maintaining Egypt's coastal defenses at Alexandria and Rosetta as Inspector General. Loring was granted the title of Fereek Pasha for his role commanding troops in the Egyptian-Ethiopian War (1874-1876). ",compound_object,,,William Wing Loring,,,,,,,,,,,,
w_loring_001,loring_prosthetic.jpg,General Loring,,unknown,,Carte-de-visite of William Wing Loring wearing civilian clothes taken in a studio. He wears a prosthetic left arm.,image/jpg,carte-de-visite,photograph,William Wing Loring,,,,,,,,,https://acwm.pastperfectonline.com/Photo/BCFFD520-A474-4D65-BC49-944899176421,"Educational use includes non-commercial use of text and images in materials for teaching and research purposes. Digital reproduction rights granted by the University of Idaho Library. For other uses beyond free use, please contact University of Idaho Library Special Collections and Archives Department.",http://rightsstatements.org/vocab/NoC-US/1.0/,w_loring
w_loring_002,loring_egypt.png,"Loring Pacha, Fereek and General",Dodd & Mead Company,unknown,1884,Plate print of William Wing Loring wearing Egyptian Army Full Dress uniform. ,image/png,portrait,print,William Wing Loring,"Cairo, Egypt",30.033333,31.233334,,,,,,https://books.google.com/books?id=NSkqDwAAQBAJ&pg=PA1&source=gbs_toc_r&cad=2#v=onepage&q&f=false,"Educational use includes non-commercial use of text and images in materials for teaching and research purposes. Digital reproduction rights granted by the University of Idaho Library. For other uses beyond free use, please contact University of Idaho Library Special Collections and Archives Department.",http://rightsstatements.org/vocab/NoC-US/1.0/,w_loring
w_loring_003,A_Confederate_Soldier_in_Egypt.pdf,A Confederate Soldier in Egypt,Dodd & Mead Company,William Wing Loring,1884,"Book written by William Wing Loring that details his ten years in the Egyptian military (1869-1879), including descriptions of military expeditions and instances of travel throughout Egypt.",application/pdf,memoir,book,William Wing Loring; Charles Pomeroy Stone; Alexander Welch Reynolds; Frank A. Reynolds; Erastus Sparrow Purdy; Charles Chaille-Long; Raleigh Edward Colston; William McEntyre Dye; Charles William Field; Alexander Macomb Mason; Thomas Grimke Rhett; Samuel Henry Lockett; Henry Clay Derrick; Charles Iverson Graves; David Essex Porter; Vanderbilt Allen; Beverly Kennon; James Alfred Dennison; Henry Goslee Prout; Charles Frederick Loshe; Edward Warren; William H. Ward; Thomas Dickinson Johnson; Henry Irgins; William H. Wilson,"New York, NY, USA",40.73061,-73.935242,English,,,,,https://books.google.com/books?id=NSkqDwAAQBAJ&pg=PA1&source=gbs_toc_r&cad=2#v=onepage&q&f=false,"Educational use includes non-commercial use of text and images in materials for teaching and research purposes. Digital reproduction rights granted by the University of Idaho Library. For other uses beyond free use, please contact University of Idaho Library Special Collections and Archives Department.",http://rightsstatements.org/vocab/NoC-US/1.0/,w_loring
w_loring_004,loring_account_book.pdf,untitled,unpublished,William Wing Loring,1870,"Unpublished account book handwritted by William Wing Loring, with entries dated from June through October 1870. Includes descriptions of places Loring traveled to as well as his comments on the organization of the Egyptian military.",application/pdf,account book,book,William Wing Loring; James Morris Morgan; Charles Pomeroy Stone; Henry Hopkins Sibley; Alexander Welch Reynolds; Walter Hanson Jenifer; William H. Ward; William W. Dunlap; Cornelius E. Hunt,,,,English,,,,,https://findingaids.uflib.ufl.edu/repositories/2/resources/239,"Educational use includes non-commercial use of text and images in materials for teaching and research purposes. Digital reproduction rights granted by the University of Idaho Library. For other uses beyond free use, please contact University of Idaho Library Special Collections and Archives Department.",http://rightsstatements.org/vocab/NoC-US/1.0/,w_loring
w_loring_005,loring_grant.jpg,untitled,,unknown,1878,William Wing Loring poses with Ulysses S. Grant at the Pyramids of Giza. Charles Pomeroy Stone can be seen in the back riding a horse.,image/jpg,,photograph,William Wing Loring; Ulysses S. Grant; Charles Pomeroy Stone,"Giza, Egypt",29.9792,31.1342,,,,,,,"Educational use includes non-commercial use of text and images in materials for teaching and research purposes. Digital reproduction rights granted by the University of Idaho Library. For other uses beyond free use, please contact University of Idaho Library Special Collections and Archives Department.",http://rightsstatements.org/vocab/NoC-US/1.0/,w_loring
w_loring_006,loring_egypt2.jpg,General W.W. Loring,Houghton Mifflin Co.,unknown,1870,"Photograph of William Wing Loring wearing Egyptian Army Full Dress uniform, taken in a studio in Cairo, Egypt in 1870.",image/jpg,portrait,photograph,William Wing Loring,"Cairo, Egypt",30.033333,31.233334,,,,,,https://garystockbridge617.getarchive.net/amp/media/general-w-w-loring-in-cairo-42b575,"Educational use includes non-commercial use of text and images in materials for teaching and research purposes. Digital reproduction rights granted by the University of Idaho Library. For other uses beyond free use, please contact University of Idaho Library Special Collections and Archives Department.",http://rightsstatements.org/vocab/NoC-US/1.0/,w_loring
w_loring_007,loring_confederate.jpg,untitled,,unknown,,Framed photograph of William Wing Loring wearing Conferderate States Army uniform taken in an American studio during the Civil War.,image/jpg,ambrotype,photograph,William Wing Loring,,,,,,,,,https://acwm.pastperfectonline.com/byperson?keyword=Loring%2C%20William%20Wing,"Educational use includes non-commercial use of text and images in materials for teaching and research purposes. Digital reproduction rights granted by the University of Idaho Library. For other uses beyond free use, please contact University of Idaho Library Special Collections and Archives Department.",http://rightsstatements.org/vocab/NoC-US/1.0/,w_loring
w_loring_008,loring_egypt3.jpeg,untitled,P. Calamita au Caire,unknown,,"Photograph of William Wing Loring wearing Egyptian Army Full Dress uniform, taken in a studio in Cairo, Egypt.",image/jpg,portrait,photograph,William Wing Loring,"Cairo, Egypt",30.033333,31.233334,,,,,,https://finding-aids.lib.unc.edu/00432/#imagefolder_11#1,"Educational use includes non-commercial use of text and images in materials for teaching and research purposes. Digital reproduction rights granted by the University of Idaho Library. For other uses beyond free use, please contact University of Idaho Library Special Collections and Archives Department.",http://rightsstatements.org/vocab/NoC-US/1.0/,w_loring
w_loring_009,loring_egypt4.jpeg,Loring Pasha,Hutchinson and Co.,unknown,,"Photograph of William Wing Loring wearing Egyptian Army Full Dress uniform, taken in a studio in Cairo, Egypt.",image/jpg,portrait,photograph,Willian Wing Loring,,,,,,,,,,"Educational use includes non-commercial use of text and images in materials for teaching and research purposes. Digital reproduction rights granted by the University of Idaho Library. For other uses beyond free use, please contact University of Idaho Library Special Collections and Archives Department.",http://rightsstatements.org/vocab/NoC-US/1.0/,w_loring
w_loring_010,loring_confederate2.jpg,Maj. Gen. Loring,E. & H. T. Anthony,unknown,,Photograph of William Wing Loring wearing Confederate States Army uniform.,image/jpg,carte-de-visite,photograph,William Wing Loring,"New York, NY, USA",40.73061,-73.935242,,,,,,https://acwm.pastperfectonline.com/photo/04BE74C8-7F5C-485F-90EA-759258041685,"Educational use includes non-commercial use of text and images in materials for teaching and research purposes. Digital reproduction rights granted by the University of Idaho Library. For other uses beyond free use, please contact University of Idaho Library Special Collections and Archives Department.",http://rightsstatements.org/vocab/NoC-US/1.0/,w_loring
w_loring_011,loring_civilian.jpg,Gen. Loring,E. & H. T. Anthony,unknown,,Print of William Wing Loring wearing civilian clothes.,image/jpg,carte-de-visite,photograph,William Wing Loring,"New York, NY, USA",40.73061,-73.935242,,,,,,https://acwm.pastperfectonline.com/Photo/18B41ECD-C540-4B80-B5B2-991511612261,"Educational use includes non-commercial use of text and images in materials for teaching and research purposes. Digital reproduction rights granted by the University of Idaho Library. For other uses beyond free use, please contact University of Idaho Library Special Collections and Archives Department.",http://rightsstatements.org/vocab/NoC-US/1.0/,w_loring
w_loring_012,loring_egypt5.jpg,Loring Pasha,,unknown,,Photograph of William Wing Loring wearing Egyptian Army Full Dress uniform taken in a studio.,image/jpg,portrait,photograph,William Wing Loring,,,,,,,,,https://acwm.pastperfectonline.com/photo/A563012D-94E0-4941-990A-008151680830,"Educational use includes non-commercial use of text and images in materials for teaching and research purposes. Digital reproduction rights granted by the University of Idaho Library. For other uses beyond free use, please contact University of Idaho Library Special Collections and Archives Department.",http://rightsstatements.org/vocab/NoC-US/1.0/,w_loring
w_loring_013,loring_antebellum.jpg,untitled,,unknown,,"Photograph of William Wing Loring in United States Army uniform, taken in a studio sometime between 1846 and 1861. Based on when the photograph was taken, his left arm may be a prosthetic.",image/jpg,,photograph,William Wing Loring,,,,,,,,,https://www.floridamemory.com/items/show/1665,"Educational use includes non-commercial use of text and images in materials for teaching and research purposes. Digital reproduction rights granted by the University of Idaho Library. For other uses beyond free use, please contact University of Idaho Library Special Collections and Archives Department.",http://rightsstatements.org/vocab/NoC-US/1.0/,w_loring
w_loring_014,loring_abyssinia.pdf,The Egyptian Campaign in Abyssinia,Blackwood's Magazine,William Wing Loring,1877,Article written anonymously by William Wing Loring that details the Egyptian Army's campaign against Ethiopia. Also includes the account of Thomas Dickinson Johnson and his capture by the Ethiopians.,application/pdf,,article,William Wing Loring; James Alfred Dennison; Thomas Dickinson Johnson; Charles Chaille-Long,,,,English,,,,,https://babel.hathitrust.org/cgi/pt?id=nyp.33433115421160&seq=295,"Educational use includes non-commercial use of text and images in materials for teaching and research purposes. Digital reproduction rights granted by the University of Idaho Library. For other uses beyond free use, please contact University of Idaho Library Special Collections and Archives Department.",http://rightsstatements.org/vocab/NoC-US/1.0/,w_loring
w_loring_015,loring_civilian2.jpg,Loring,,unknown,,"Photograph of William Wing Loring wearing civilian clothes, most likely taken in a studio in America before 1870.",image/jpg,carte-de-visite,photograph,William Wing Loring,,,,,,,,,https://www.facebook.com/photo?fbid=596323357820708&set=a.334944400625273,"Educational use includes non-commercial use of text and images in materials for teaching and research purposes. Digital reproduction rights granted by the University of Idaho Library. For other uses beyond free use, please contact University of Idaho Library Special Collections and Archives Department.",http://rightsstatements.org/vocab/NoC-US/1.0/,w_loring
j_morgan,,James Morris Morgan,,,,,compound_object,,,James Morris Morgan,,,,,,,,,,,,
j_morgan_001,Recollections_of_a_Rebel_Reefer.pdf,Recollections of a Rebel Reefer,Houghton Mifflin Co.,James Morris Morgan,1917,Book written by James Morris Morgan that details his life from his service in the Confederate Army to his role in the Egyptian Army.,application/pdf,memoir,book,James Morris Morgan; William Wing Loring; Charles Pomeroy Stone; Henry Hopkins Sibley; Alexander Welch Reynolds; Frank A. Reynolds; Thaddeus Phelps Mott; Erastus Sparrow Purdy; Charles Chaille-Long; Alexander Macomb Mason; Thomas Grimke Rhett; Vanderbilt Allen; Walter Hanson Jenifer; Beverly Kennon; William H. Ward; William P. A. Campbell; William W. Dunlap; Cornelius E. Hunt; Edmund Parys,,,,English,,,,,https://books.google.com/books/about/Recollections_of_a_Rebel_Reefer.html?id=tDZ3AAAAMAAJ&source=kp_book_description,"Educational use includes non-commercial use of text and images in materials for teaching and research purposes. Digital reproduction rights granted by the University of Idaho Library. For other uses beyond free use, please contact University of Idaho Library Special Collections and Archives Department.",http://rightsstatements.org/vocab/NoC-US/1.0/,j_morgan
j_morgan_002,morgan_young.jpg,"Midshipman James Morris Morgan, C.S.N.",Houghton Mifflin Co.,unknown,1860,"Photograph of James Morris Morgan possibly wearing United States Naval Academy uniform from his enrollment prior to the Civil War, taken in a studio in America.",image/jpg,portrait,photograph,James Morris Morgan ,,,,,,,,,,"Educational use includes non-commercial use of text and images in materials for teaching and research purposes. Digital reproduction rights granted by the University of Idaho Library. For other uses beyond free use, please contact University of Idaho Library Special Collections and Archives Department.",http://rightsstatements.org/vocab/NoC-US/1.0/,j_morgan
j_morgan_003,morgan_civil_war.jpg,Midshipman Morgan,Houghton Mifflin Co.,unknown,1863,Photograph of James Morris Morgan wearing Confederate States Naval uniform taken in a studio.,image/jpg,portrait,photograph,James Morris Morgan,,,,,,,,,,"Educational use includes non-commercial use of text and images in materials for teaching and research purposes. Digital reproduction rights granted by the University of Idaho Library. For other uses beyond free use, please contact University of Idaho Library Special Collections and Archives Department.",http://rightsstatements.org/vocab/NoC-US/1.0/,j_morgan
j_morgan_004,morgan_egypt.jpg,Lieutenant-Colonel Morgan,Houghton Mifflin Co.,unknown,1870,"Photograph of James Morris Morgan wearing Egyptian Army Full Dress uniform, taken in 1870.",image/jpg,portrait,photograph,James Morris Morgan,"Cairo, Egypt",30.033333,31.233334,,,,,,,"Educational use includes non-commercial use of text and images in materials for teaching and research purposes. Digital reproduction rights granted by the University of Idaho Library. For other uses beyond free use, please contact University of Idaho Library Special Collections and Archives Department.",http://rightsstatements.org/vocab/NoC-US/1.0/,j_morgan
j_morgan_005,morgan_older.jpeg,James Morris Morgan,Houghton Mifflin Co.,unknown,1918,Photograph of James Morris Morgan wearing civilian clothes.,image/jpg,portrait,photograph,James Morris Morgan,,,,,,,,,,"Educational use includes non-commercial use of text and images in materials for teaching and research purposes. Digital reproduction rights granted by the University of Idaho Library. For other uses beyond free use, please contact University of Idaho Library Special Collections and Archives Department.",http://rightsstatements.org/vocab/NoC-US/1.0/,j_morgan
j_morgan_006,morgan_civilian.jpg,untitled,,unknown,,Photograph of James Morris Morgan wearing civilian clothes.,image/jpg,portrait,photograph,James Morris Morgan,"Washington, D.C.",38.8951,-77.0363,,,,,,https://www.raptisrarebooks.com/product/recollections-of-a-rebel-reefer-james-morris-morgan-first-edition-signed/,"Educational use includes non-commercial use of text and images in materials for teaching and research purposes. Digital reproduction rights granted by the University of Idaho Library. For other uses beyond free use, please contact University of Idaho Library Special Collections and Archives Department.",http://rightsstatements.org/vocab/NoC-US/1.0/,j_morgan
j_morgan_007,morgan_card.jpg,untitled,,unknown,1871,Card issued by the Khedive allowing James Morris Morgan military leave in 1871 to visit France.,image/jpg,,card,James Morris Morgan,"Alexandria, Egypt",31.2001,29.9187,,,,,,https://finding-aids.lib.unc.edu/catalog/00524,"Educational use includes non-commercial use of text and images in materials for teaching and research purposes. Digital reproduction rights granted by the University of Idaho Library. For other uses beyond free use, please contact University of Idaho Library Special Collections and Archives Department.",http://rightsstatements.org/vocab/NoC-US/1.0/,j_morgan
j_morgan_008,reefer_english.pdf,Recollections of a Rebel Reefer,Constable and Company LTD,James Morris Morgan,1918,English edition of a book written by James Morris Morgan that details his life from his service in the Confederate Army to his role in the Egyptian Army.,application/pdf,memoir,book,James Morris Morgan; William Wing Loring; Charles Pomeroy Stone; Henry Hopkins Sibley; Alexander Welch Reynolds; Frank A. Reynolds; Thaddeus Phelps Mott; Erastus Sparrow Purdy; Charles Chaille-Long; Alexander Macomb Mason; Thomas Grimke Rhett; Vanderbilt Allen; Walter Hanson Jenifer; Beverly Kennon; William H. Ward; William P. A. Campbell; William W. Dunlap; Cornelius E. Hunt; Edmund Parys,"London, UK",51.5072,0.1276,English,,,,,https://books.google.com/books/about/Recollections_of_a_Rebel_Reefer.html?id=g5pNAQAAMAAJ&printsec=frontcover&source=kp_read_button&hl=en#v=onepage&q&f=false,"Educational use includes non-commercial use of text and images in materials for teaching and research purposes. Digital reproduction rights granted by the University of Idaho Library. For other uses beyond free use, please contact University of Idaho Library Special Collections and Archives Department.",http://rightsstatements.org/vocab/NoC-US/1.0/,j_morgan
c_stone,,Charles Pomeroy Stone,,,,,compound_object,,,Charles Pomeroy Stone,,,,,,,,,,,,
c_stone_001,The_Climate_of_the_Egyptian_Sudan.pdf,The Climate of the Egyptian Sudan,Science Magazine,Charles Pomeroy Stone,1885,Article published by Charles Pomeroy Stone that details the temperature and climate of different parts of Egypt.,application/pdf,geography,article,Charles Pomeroy Stone,,,,English,,,,,https://doi.org/10.1126/science.ns-5.113.268.b,"Educational use includes non-commercial use of text and images in materials for teaching and research purposes. Digital reproduction rights granted by the University of Idaho Library. For other uses beyond free use, please contact University of Idaho Library Special Collections and Archives Department.",http://rightsstatements.org/vocab/NoC-US/1.0/,c_stone
c_stone_002,stone_egypt.jpg,Brigadier General Charles P. Stone,,unknown,,Photograph of Charles Pomeroy Stone wearing Egyptian Army Full Dress uniform taken in a studio.,image/jpg,portrait,photograph,Charles Pomeroy Stone,"Cairo, Egypt",30.033333,31.233334,,,,,,,"Educational use includes non-commercial use of text and images in materials for teaching and research purposes. Digital reproduction rights granted by the University of Idaho Library. For other uses beyond free use, please contact University of Idaho Library Special Collections and Archives Department.",http://rightsstatements.org/vocab/NoC-US/1.0/,c_stone
c_stone_003,stone_union.png,untitled,,unknown,,Photograph of Charles Pomeroy Stone wearing United States Army uniform taken in a studio in America during the Civil War.,image/png,portrait,photograph,Charles Pomeroy Stone,,,,,,,,,https://loc.gov/pictures/resource/cwpb.04847/,"Educational use includes non-commercial use of text and images in materials for teaching and research purposes. Digital reproduction rights granted by the University of Idaho Library. For other uses beyond free use, please contact University of Idaho Library Special Collections and Archives Department.",http://rightsstatements.org/vocab/NoC-US/1.0/,c_stone
c_stone_004,stone_egypt2.jpeg,untitled,O. Schoefft,unknown,1877,"Photograph of Charles Pomeroy Stone wearing Egyptian Army Full Dress uniform taken in a studio in Cairo, Egypt.",image/jpg,portrait,photograph,Charles Pomeroy Stone,"Cairo, Egypt",30.033333,31.233334,,,,,,https://finding-aids.lib.unc.edu/00432/#imagefolder_11#1,"Educational use includes non-commercial use of text and images in materials for teaching and research purposes. Digital reproduction rights granted by the University of Idaho Library. For other uses beyond free use, please contact University of Idaho Library Special Collections and Archives Department.",http://rightsstatements.org/vocab/NoC-US/1.0/,c_stone
c_stone_005,Suakin_Berber.pdf,The Route from Suakin to Berber,Science Magazine,Charles Pomeroy Stone,1885,Description of a route in Africa explored by Henry Gosless Prout.,application/pdf,geography,article,Charles Pomeroy Stone; Henry Goslee Prout,,,,English,,,,,https://www.jstor.org/stable/1761487,"Educational use includes non-commercial use of text and images in materials for teaching and research purposes. Digital reproduction rights granted by the University of Idaho Library. For other uses beyond free use, please contact University of Idaho Library Special Collections and Archives Department.",http://rightsstatements.org/vocab/NoC-US/1.0/,c_stone
c_stone_006,stone_egypt3.jpeg,Stone Pasha,Hutchinson and Co.,unknown,,Photograph of Charles Pomeroy Stone wearing Egyptian Army Full Dress uniform.,image/jpg,portrait,photograph,Charles Pomeroy Stone,,,,,,,,,,"Educational use includes non-commercial use of text and images in materials for teaching and research purposes. Digital reproduction rights granted by the University of Idaho Library. For other uses beyond free use, please contact University of Idaho Library Special Collections and Archives Department.",http://rightsstatements.org/vocab/NoC-US/1.0/,c_stone
c_stone_007,Political_Geography_of_Egypt.pdf,The Political Geography of Egypt,Journal of the American Geographical Society of New York,Charles Pomeroy Stone,1883,Overview of Charles Pomeroy Stone's experience in Egypt and the political state of the country during and after his service.,application/pdf,lecture,article,Charles Pomeroy Stone,,,,English,,,,,https://www.jstor.org/stable/196547,"Educational use includes non-commercial use of text and images in materials for teaching and research purposes. Digital reproduction rights granted by the University of Idaho Library. For other uses beyond free use, please contact University of Idaho Library Special Collections and Archives Department.",http://rightsstatements.org/vocab/NoC-US/1.0/,c_stone
c_stone_008,Bombardment_Alexandria.pdf,The Bombardment of Alexandria,The Century Illustrated Monthly Magazine,Charles Pomeroy Stone,1884,The personal experience of Charles Pomeroy Stone during the Bombardment of Alexandria.,application/pdf,open letter,article,Charles Pomeroy Stone,"New York, NY, USA",40.73061,-73.935242,English,,,,,,"Educational use includes non-commercial use of text and images in materials for teaching and research purposes. Digital reproduction rights granted by the University of Idaho Library. For other uses beyond free use, please contact University of Idaho Library Special Collections and Archives Department.",http://rightsstatements.org/vocab/NoC-US/1.0/,c_stone
c_stone_009,Military_Affairs_in_Egypt.pdf,Military Affairs in Egypt,Military Service Institution of the United States Journal,Charles Pomeroy Stone,1884,An overview of the military affairs of Egypt.,application/pdf,speech,article,Charles Pomeroy Stone,,,,English,,,,,,"Educational use includes non-commercial use of text and images in materials for teaching and research purposes. Digital reproduction rights granted by the University of Idaho Library. For other uses beyond free use, please contact University of Idaho Library Special Collections and Archives Department.",http://rightsstatements.org/vocab/NoC-US/1.0/,c_stone
c_stone_010,stone_union2.jpg,Brig. Gen. Charles P. Stone and daughter Hettie,,unknown,1863,"Photograph of Charles Pomeroy Stone wearing United States Army uniform taken in a studio in America during the Civil War. His daughter, Hettie, sits at his side.",image/jpg,portrait,photograph,Charles Pomeroy Stone,,,,,,,,,https://loc.gov/pictures/resource/cwpb.04444/,"Educational use includes non-commercial use of text and images in materials for teaching and research purposes. Digital reproduction rights granted by the University of Idaho Library. For other uses beyond free use, please contact University of Idaho Library Special Collections and Archives Department.",http://rightsstatements.org/vocab/NoC-US/1.0/,c_stone
c_stone_011,stone_union3.jpg,untitled,,unknown,,"Photograph of Charles Pomeroy Stone wearing United States Army uniform, taken in a studio in America during the Civil War.",image/jpg,portrait,photograph,Charles Pomeroy Stone,,,,,,,,,https://en.wikipedia.org/wiki/Charles_Pomeroy_Stone#/media/File:C_P_Stone_UA_ACW.jpg,"Educational use includes non-commercial use of text and images in materials for teaching and research purposes. Digital reproduction rights granted by the University of Idaho Library. For other uses beyond free use, please contact University of Idaho Library Special Collections and Archives Department.",http://rightsstatements.org/vocab/NoC-US/1.0/,c_stone
c_stone_012,stone_order.pdf,Special Order No. 19,,Charles Pomeroy Stone,1870,Special Order written by Charles Pomeroy Stone as the Chief-of-Staff  reassigning James Morris Morgan for staff duty.,application/pdf,special order,report,Charles Pomeroy Stone; James Morris Morgan; Hearnwell W. Freeman,"Cairo, Egypt",30.033333,31.233334,English,,,,,https://finding-aids.lib.unc.edu/catalog/00524,"Educational use includes non-commercial use of text and images in materials for teaching and research purposes. Digital reproduction rights granted by the University of Idaho Library. For other uses beyond free use, please contact University of Idaho Library Special Collections and Archives Department.",http://rightsstatements.org/vocab/NoC-US/1.0/,c_stone
c_stone_013,stone_order2.pdf,Special Order No. 1 ,,Charles Pomeroy Stone,1871,Special Order written by Charles Pomeroy Stone as the Chief-of-Staff  reassigning James Morris Morgan for staff duty under Beverly Kennon.,application/pdf,special order,report,Charles Pomeroy Stone; James Morris Morgan; Beverly Kennon; Hearnwell W. Freeman,"Cairo, Egypt",30.033333,31.233334,English,,,,,https://finding-aids.lib.unc.edu/catalog/00524,"Educational use includes non-commercial use of text and images in materials for teaching and research purposes. Digital reproduction rights granted by the University of Idaho Library. For other uses beyond free use, please contact University of Idaho Library Special Collections and Archives Department.",http://rightsstatements.org/vocab/NoC-US/1.0/,c_stone
c_stone_014,stone_order3.pdf,Special Order No. 3,,Charles Pomeroy Stone,1871,Special Order written by Charles Pomeroy Stone as the Chief-of-Staff  reassigning James Morris Morgan for staff duty under William Wing Loring.,application/pdf,special order,report,Charles Pomeroy Stone; James Morris Morgan; William Wing Loring,"Cairo, Egypt",30.033333,31.233334,English,,,,,https://finding-aids.lib.unc.edu/catalog/00524,"Educational use includes non-commercial use of text and images in materials for teaching and research purposes. Digital reproduction rights granted by the University of Idaho Library. For other uses beyond free use, please contact University of Idaho Library Special Collections and Archives Department.",http://rightsstatements.org/vocab/NoC-US/1.0/,c_stone
c_stone_015,stone_letter.pdf,untitled,,Charles Pomeroy Stone,1871,Letter written by Charles Pomeroy Stone to William Wing Loring regarding the resignation of James Morris Morgan.,application/pdf,letter,,Charles Pomeroy Stone; William Wing Loring; James Morris Morgan; Alexander Welch Reynolds,"Cairo, Egypt",30.033333,31.233334,English,,,,,https://finding-aids.lib.unc.edu/catalog/00524,"Educational use includes non-commercial use of text and images in materials for teaching and research purposes. Digital reproduction rights granted by the University of Idaho Library. For other uses beyond free use, please contact University of Idaho Library Special Collections and Archives Department.",http://rightsstatements.org/vocab/NoC-US/1.0/,c_stone
c_stone_016,stone_letter2.pdf,untitled,,Charles Pomeroy Stone,1871,Letter written by Charles Pomeroy Stone to James Morris Morgan regarding his horse.,application/pdf,letter,,Charles Pomeroy Stone; James Morris Morgan,"Cairo, Egypt",30.033333,31.233334,English,,,,,https://finding-aids.lib.unc.edu/catalog/00524,"Educational use includes non-commercial use of text and images in materials for teaching and research purposes. Digital reproduction rights granted by the University of Idaho Library. For other uses beyond free use, please contact University of Idaho Library Special Collections and Archives Department.",http://rightsstatements.org/vocab/NoC-US/1.0/,c_stone
b_kennon,,Beverly Kennon,,,,,compound_object,,,Beverly Kennon,,,,,,,,,,,,
b_kennon_001,kennon_egypt.jpg,Colonel Beverly Kennon,Houghton Mifflin Co.,unknown,,"Print of Beverly Kennon wearing Egyptian Army Full Dress uniform in a studio in Cairo, Egypt.",image/jpg,portrait,photograph,Beverly Kennon,"Cairo, Egypt",30.033333,31.233334,,,,,,https://books.google.com/books/about/Recollections_of_a_Rebel_Reefer.html?id=tDZ3AAAAMAAJ&source=kp_book_description,"Educational use includes non-commercial use of text and images in materials for teaching and research purposes. Digital reproduction rights granted by the University of Idaho Library. For other uses beyond free use, please contact University of Idaho Library Special Collections and Archives Department.",http://rightsstatements.org/vocab/NoC-US/1.0/,b_kennon
b_kennon_002,kennon_egypt2.jpeg,Colonel Beverly Kennon,Hutchinson and Co.,unknown,,Photograph of Beverly Kennon wearing Egyptian Army Full Dress uniform taken at a studio.,image/jpg,portrait,photograph,Beverly Kennon,,,,,,,,,,"Educational use includes non-commercial use of text and images in materials for teaching and research purposes. Digital reproduction rights granted by the University of Idaho Library. For other uses beyond free use, please contact University of Idaho Library Special Collections and Archives Department.",http://rightsstatements.org/vocab/NoC-US/1.0/,b_kennon
w_campbell,,William P. A. Campbell,,,,,compound_object,,,William P. A. Campbell,,,,,,,,,,,,
w_campbell_001,campbell_egypt.jpg,Major W. P. A. Campbell,Houghton Mifflin Co.,unknown,1870,"Photograph of William P. A. Campbell wearing Egyptian Army Full Dress uniform taken in a studio in Cairo, Egypt in 1870.",image/jpg,portrait,photograph,William P. A. Campbell,"Cairo, Egypt",30.033333,31.233334,,,,,,https://books.google.com/books/about/Recollections_of_a_Rebel_Reefer.html?id=tDZ3AAAAMAAJ&source=kp_book_description,"Educational use includes non-commercial use of text and images in materials for teaching and research purposes. Digital reproduction rights granted by the University of Idaho Library. For other uses beyond free use, please contact University of Idaho Library Special Collections and Archives Department.",http://rightsstatements.org/vocab/NoC-US/1.0/,w_campbell
c_long,,Charles Chaille-Long,,,,,compound_object,,,Charles Chaille-Long,,,,,,,,,,,,
c_long_001,long_print.png,Colonel C. Chaille Long-Bey,Harper & Brothers Publishers,Charles Chaille-Long,1877,Print of Charles Chaille-Long wearing Egyptian Army Full Dress uniform in a studio.,image/png,portrait,print,Charles Chaille-Long,,,,,,,,,https://archive.org/details/centralafricanak00chai/page/n5/mode/2up,"Educational use includes non-commercial use of text and images in materials for teaching and research purposes. Digital reproduction rights granted by the University of Idaho Library. For other uses beyond free use, please contact University of Idaho Library Special Collections and Archives Department.",http://rightsstatements.org/vocab/NoC-US/1.0/,c_long
c_long_002,Central_Africa_Naked_Truths.pdf,Central Africa: Naked Truths of Naked People,Harper & Brothers Publishers,Charles Chaille-Long,1877,A book written by Charles Chaille-Long detailing his experiences exploring the interior of Africa during his Egyptian service.,application/pdf,memoir,book,Charles Chaille-Long; Frank A. Reynolds; Henry Goslee Prout; William P. A. Campbell,"New York, NY, USA",40.73061,-73.935242,English,,,,,https://archive.org/details/centralafricanak00chai/page/n5/mode/2up,"Educational use includes non-commercial use of text and images in materials for teaching and research purposes. Digital reproduction rights granted by the University of Idaho Library. For other uses beyond free use, please contact University of Idaho Library Special Collections and Archives Department.",http://rightsstatements.org/vocab/NoC-US/1.0/,c_long
c_long_003,The_Three_Prophets.pdf,"The Three Prophets: Chinese Gordon, Mohammed-Ahmed (El Maahdi), Arabi Pasha",D. Appleton and Company,Charles Chaille-Long,1884,A book written by Charles Chaille-Long that focuses on the causes and effects of the British bombardment of Alexandria in 1882. The book focuses on three figures in particular who influenced these events.,application/pdf,history,book,Charles Chaille-Long; William Wing Loring; James Morris Morgan; Charles Pomeroy Stone; Thaddeus Phelps Mott; Alexander Macomb Mason; Walter Hanson Jenifer; Beverly Kennon; William P. A. Campbell,"New York, NY, USA",40.73061,-73.935242,English,,,,,https://www.google.com/books/edition/The_Three_Prophets_Chinese_Gordon_Mohamm/73sLAAAAIAAJ?hl=en&gbpv=0,"Educational use includes non-commercial use of text and images in materials for teaching and research purposes. Digital reproduction rights granted by the University of Idaho Library. For other uses beyond free use, please contact University of Idaho Library Special Collections and Archives Department.",http://rightsstatements.org/vocab/NoC-US/1.0/,c_long
c_long_004,My_Life_in_Four_Continents.pdf,My Life in Four Continents,Hutchinson and Co.,Charles Chaille-Long,1912,Memoir of Charles Chaille-Long that documents his military service in multiple countries around the world.,application/pdf,memoir,book,Charles Chaille-Long; William Wing Loring; James Morris Morgan; Charles Pomeroy Stone; Thaddeus Phelps Mott; Alexander Macomb Mason; Walter Hanson Jenifer; Beverly Kennon; William H. Ward; William P. A. Campbell; Robert Morris Rogers; Chancellor Martin; Eugene Oscar Fechet; James Alfred Dennison; Henry Hopkins Sibley; Raleigh Edward Colston; Alexander Welch Reynolds; Frank A. Reynolds; Henry Clay Derrick; William McEntyre Dye; Charles William Field; Samuel Henry Lockett; Henry Ronald Hislop Douglas MacIver; Erastus Sparrow Purdy; Henry Goslee Prout; Horatio Blake Reed; Vanderbilt Allen; James Bassel; Thomas Grimke Rhett; William W. Dunlap; Charles Iverson Graves; Edmund Parys; D. G. White; Hearnwell W. Freeman; Cornelius E. Hunt; Wilburn Briggs Hall; Robert Schuyler Lamson; Charles Frederick Loshe; Henry Irgins; David Essex Porter; Edward Warren; Thomas Dickinson Johnson; William H. Wilson; Richard Henry Savage,"London, UK",51.5072,0.1276,English,,,,,https://www.google.com/books/edition/My_Life_in_Four_Continents/XGVmAAAAMAAJ?hl=en&gbpv=0,"Educational use includes non-commercial use of text and images in materials for teaching and research purposes. Digital reproduction rights granted by the University of Idaho Library. For other uses beyond free use, please contact University of Idaho Library Special Collections and Archives Department.",http://rightsstatements.org/vocab/NoC-US/1.0/,c_long
c_long_005,On_the_Juba.pdf,Colonel Chaille-Long on the Juba,Journal of the American Geographical Society of New York,Charles Chaille-Long,1887,Report of Charles Chaille-Long's expedition to the Indian Ocean.,application/pdf,geography,article,Charles Chaille-Long; William H. Ward,,,,,,,,,https://doi.org/10.2307/196730,"Educational use includes non-commercial use of text and images in materials for teaching and research purposes. Digital reproduction rights granted by the University of Idaho Library. For other uses beyond free use, please contact University of Idaho Library Special Collections and Archives Department.",http://rightsstatements.org/vocab/NoC-US/1.0/,c_long
c_long_006,Long_work_on_the_Nile.pdf,Chaille-Long's Work on the Nile,Bulletin of the American Geographical Society,Charles Chaille-Long,1904,Overview of Charles Chaille-Long's geographic work during his Egyptian service.,application/pdf,geography,article,Charles Chaille-Long; Charles Pomeroy Stone,,,,,,,,,https://doi.org/10.2307/198887,"Educational use includes non-commercial use of text and images in materials for teaching and research purposes. Digital reproduction rights granted by the University of Idaho Library. For other uses beyond free use, please contact University of Idaho Library Special Collections and Archives Department.",http://rightsstatements.org/vocab/NoC-US/1.0/,c_long
c_long_007,long_egypt.jpeg,Chaille-Long Bey,Hutchinson and Co.,unknown,1875,Photograph of Charles Chaille-Long wearing civilian clothes and a fez taken in a studio in 1875.,image/jpg,portrait,photograph,Charles Chaille-Long,,,,,,,,,,"Educational use includes non-commercial use of text and images in materials for teaching and research purposes. Digital reproduction rights granted by the University of Idaho Library. For other uses beyond free use, please contact University of Idaho Library Special Collections and Archives Department.",http://rightsstatements.org/vocab/NoC-US/1.0/,c_long
c_long_008,long_union.jpeg,Captain Chaille-Long,Hutchinson and Co.,unknown,1865,Photograph of Charles Chaille-Long wearing United States Army uniform taken in a studio in America in 1865.,image/jpg,portrait,photograph,Charles Chaille-Long,,,,,,,,,,"Educational use includes non-commercial use of text and images in materials for teaching and research purposes. Digital reproduction rights granted by the University of Idaho Library. For other uses beyond free use, please contact University of Idaho Library Special Collections and Archives Department.",http://rightsstatements.org/vocab/NoC-US/1.0/,c_long
c_long_009,long_older.jpeg,Col. Chaille-Long,Hutchinson and Co.,unknown,1900,"Photograph of Charles Chaille-Long wearing civilian clothes taken in a studio in Paris, France.",image/jpg,portrait,photograph,Charles Chaille-Long,,,,,,,,,,"Educational use includes non-commercial use of text and images in materials for teaching and research purposes. Digital reproduction rights granted by the University of Idaho Library. For other uses beyond free use, please contact University of Idaho Library Special Collections and Archives Department.",http://rightsstatements.org/vocab/NoC-US/1.0/,c_long
c_long_010,Princes_of_Egypt.pdf,Princes of Egypt,Cosmopolitan,Charles Chaille-Long,1899,Article detailing the lineage of Egyptian rulers of the nineteenth century.,application/pdf,history,article,Charles Chaille-Long; Beverly Kennon; Thaddeus Phelps Mott; Henry Hopkins Sibley; William Wing Loring; Charles Pomeroy Stone; Eugene Oscar Fechet; Robert Morris Rogers; Chancellor Martin; ,,,,English,,,,,,"Educational use includes non-commercial use of text and images in materials for teaching and research purposes. Digital reproduction rights granted by the University of Idaho Library. For other uses beyond free use, please contact University of Idaho Library Special Collections and Archives Department.",http://rightsstatements.org/vocab/NoC-US/1.0/,c_long
c_long_011,American_Soldiers_in_Egypt.pdf,American Soldiers in Egypt,Frank Leslie's Popular Monthly,Charles Chaille-Long,1888,"Article about a prominent American soldiers who served in Egyptian, including the author, Charles Chaille-Long.",application/pdf,,article,Charles Chaille-Long; Thaddeus Phelps Mott; Charles Pomeroy Stone; Henry Hopkins Sibley; William Wing Loring,,,,,,,,,,"Educational use includes non-commercial use of text and images in materials for teaching and research purposes. Digital reproduction rights granted by the University of Idaho Library. For other uses beyond free use, please contact University of Idaho Library Special Collections and Archives Department.",http://rightsstatements.org/vocab/NoC-US/1.0/,c_long
c_long_012,England_Egypt_Sudan.pdf,England in Egypt and the Soudan,The North American Review,Charles Chaille-Long,1899,Article in which Charles Chaille-Long recounts the politics of Egypt in the nineteenth century and how England has influenced both Egypt and the Sudan as a European power.,application/pdf,political,article,Charles Chaille-Long,"New York, NY, USA",40.73061,-73.935242,English,,,,,,"Educational use includes non-commercial use of text and images in materials for teaching and research purposes. Digital reproduction rights granted by the University of Idaho Library. For other uses beyond free use, please contact University of Idaho Library Special Collections and Archives Department.",http://rightsstatements.org/vocab/NoC-US/1.0/,c_long
c_long_013,long_egypt2.jpeg,Le Colonel Ch. Chaille-Long,,Napoleon Sarony,1884,"Photograph of Charles Chaille-Long wearing Egyptian Army Undress uniform taken in a studio in New York City, NY, USA.",image/jpg,portrait,photograph,Charles Chaille-Long,"New York, NY, USA",40.73061,-73.935242,,,,,,https://gallica.bnf.fr/ark:/12148/btv1b8449835x/f2.item#,"Educational use includes non-commercial use of text and images in materials for teaching and research purposes. Digital reproduction rights granted by the University of Idaho Library. For other uses beyond free use, please contact University of Idaho Library Special Collections and Archives Department.",http://rightsstatements.org/vocab/NoC-US/1.0/,c_long
c_long_014,long_french_book.pdf,L'Egypt et Ses Provinces Perdues,Librairie de la Nouvelle Revue,Charles Chaille-Long,1892,Book written in French by Charles Chaille-Long,application/pdf,,book,Charles Chaille-Long; Alexander Macomb Mason; William P. A. Campbell,"Paris, France",48.886944,2.341111,French,,,,,https://books.google.com/books?id=owEl8vv6figC&printsec=frontcover&source=gbs_ge_summary_r&cad=0#v=onepage&q&f=false,"Educational use includes non-commercial use of text and images in materials for teaching and research purposes. Digital reproduction rights granted by the University of Idaho Library. For other uses beyond free use, please contact University of Idaho Library Special Collections and Archives Department.",http://rightsstatements.org/vocab/NoC-US/1.0/,c_long
w_dye,,William McEntyre Dye,,,,,compound_object,,,William McEntyre Dye ,,,,,,,,,,,,
w_dye_001,Moslem_Egypt_and_Christian_Abyssinia.pdf,Moslem Egypt and Christian Abyssinia,"Atkin & Prout, Printers",William McEntyre Dye,1880,"Memoir of William McEntyre Dye detailing his service in the Egyptian army, specifically his involvement in the Egyptian=Ethiopian War.",application/pdf,memoir,book,William McEntyre Dye; William Wing Loring; Charles Pomeroy Stone; Alexander Welch Reynolds; Frank A. Reynolds; Erastus Sparrow Purdy; Charles Chaille-Long; Raleigh Edward Colston; Charles William Field; Alexander Macomb Mason; Thomas Grimke Rhett; Walter Hanson Jenifer; Charles Iverson Graves; Charles Frederick Loshe; Henry Goslee Prout; William H. Ward; James Bassel; Horatio Blake Reed; Chancellor Martin; D. G. White; William P. A. Campbell; Henry Clay Derrick; Thaddeus Phelps Mott; Beverly Kennon; William H. Wilson; William W. Dunlap; Edward Warren; Charles Carroll Tevis; Robert Schuyler Lamson; Robert Morris Rogers; Wilburn Briggs Hall; Henry Irgins; Thomas Dickinson Johnson; David Essex Porter; Samuel Henry Lockett; James Alfred Dennison; Henry Hopkins Sibley,"New York, NY, USA",40.73061,-73.935242,English,,,,,https://www.loc.gov/resource/gdclccn.05009551/?st=list,"Educational use includes non-commercial use of text and images in materials for teaching and research purposes. Digital reproduction rights granted by the University of Idaho Library. For other uses beyond free use, please contact University of Idaho Library Special Collections and Archives Department.",http://rightsstatements.org/vocab/NoC-US/1.0/,w_dye
w_dye_002,dye_older.jpg,untitled,,,,Photograph of William McEntyre Dye wearing civilian clothes taken in a studio.,image/jpg,portrait,photograph,William McEntyre Dye,,,,,,,,,https://www.findagrave.com/memorial/9743647/william-mcentyre-dye,"Educational use includes non-commercial use of text and images in materials for teaching and research purposes. Digital reproduction rights granted by the University of Idaho Library. For other uses beyond free use, please contact University of Idaho Library Special Collections and Archives Department.",http://rightsstatements.org/vocab/NoC-US/1.0/,w_dye
a_mason,,Alexander Macomb Mason,,,,,compound_object,,,Alexander Macomb Mason,,,,,,,,,,,,
a_mason_001,Reconnaissance_Lake_Albert.pdf,"Report of a Reconnaissance of Lake Albert, Made by Order of His Excellency General Gordon Pacha, Governor-General of the Soudan",Proceedings of the Royal Geographical Society of London,Alexander Macomb Mason,1877,Report written by Alexander Macomb Mason detailing his survey of Lake Albert.,application/pdf,report,report,Alexander Macomb Mason,"Khartoum, Sudan",15.5974,32.5356,English,,,,,https://www.jstor.org/stable/1799906,"Educational use includes non-commercial use of text and images in materials for teaching and research purposes. Digital reproduction rights granted by the University of Idaho Library. For other uses beyond free use, please contact University of Idaho Library Special Collections and Archives Department.",http://rightsstatements.org/vocab/NoC-US/1.0/,a_mason
a_mason_002,mason_egypt.jpg,untitled,,unknown,,Photograph of Alexander Macomb Mason wearing Egyptian Army Undress uniform taken in a studio.,image/jpg,portrait,photograph,Alexander Macomb Mason,,,,,,,,,https://www.usni.org/magazines/naval-history/2025/february/forgotten-american-innovator,"Educational use includes non-commercial use of text and images in materials for teaching and research purposes. Digital reproduction rights granted by the University of Idaho Library. For other uses beyond free use, please contact University of Idaho Library Special Collections and Archives Department.",http://rightsstatements.org/vocab/NoC-US/1.0/,a_mason
a_mason_003,mason_egypt2.jpeg,untitled,unknown,Alexander Macomb Mason,,Photograph of Alexander Macomb Mason wearing civilian clothes and a fez.,image/jpg,portrait,article,Alexander Macomb Mason,,,,,,,,,,"Educational use includes non-commercial use of text and images in materials for teaching and research purposes. Digital reproduction rights granted by the University of Idaho Library. For other uses beyond free use, please contact University of Idaho Library Special Collections and Archives Department.",http://rightsstatements.org/vocab/NoC-US/1.0/,a_mason
a_mason_004,mason_civilian.jpg,untitled,,O. Schoefft,,Photograph of Alexander Macomb Mason wearing civilian clothes.,image/jpg,portrait,photograph,Alexander Macomb Mason,,,,,,,,,https://dc.lib.unc.edu/cdm/singleitem/collection/00ddd/id/263704/rec/7,"Educational use includes non-commercial use of text and images in materials for teaching and research purposes. Digital reproduction rights granted by the University of Idaho Library. For other uses beyond free use, please contact University of Idaho Library Special Collections and Archives Department.",http://rightsstatements.org/vocab/NoC-US/1.0/,a_mason
e_warren,,Edward Warren ,,,,,compound_object,,,Edward Warren,,,,,,,,,,,,
e_warren_001,warren_print.png,"Edward Warren, M.D.","Cushings and Bailey, Publishers",Edward Warren,1885,Print of Edward Warren wearing civilian clothes.,image/png,portrait,print,Edward Warren,,,,,,,,,https://archive.org/details/doctorsexperienc00warr/page/n7/mode/2up,"Educational use includes non-commercial use of text and images in materials for teaching and research purposes. Digital reproduction rights granted by the University of Idaho Library. For other uses beyond free use, please contact University of Idaho Library Special Collections and Archives Department.",http://rightsstatements.org/vocab/NoC-US/1.0/,e_warren
e_warren_002,Doctor_Experience_First_Half.pdf,"A Doctor's Experience in Three Continents, Letters I - XIX","Cushings and Bailey, Publishers",Edward Warren,1885,Memoir of Edward Warren detailing his life and work during the Civil War and his service in Egypt.,application/pdf,memoir,book,Edward Warren; William Wing Loring; Henry Hopkins Sibley; Walter Hanson Jenifer; Alexander Welch Reynolds; Frank A. Reynolds; William P. A. Campbell; Thaddeus Phelps Mott; Charles Chaille-Long; Raleigh Edward Colston; William McEntyre Dye; Alexander Macomb Mason; Beverly Kennon; Henry Goslee Prout; Thomas Grimke Rhett,"Baltimore, MD, USA",39.2904,-76.6122,English,,,,,https://archive.org/details/doctorsexperienc00warr/page/n7/mode/2up,"Educational use includes non-commercial use of text and images in materials for teaching and research purposes. Digital reproduction rights granted by the University of Idaho Library. For other uses beyond free use, please contact University of Idaho Library Special Collections and Archives Department.",http://rightsstatements.org/vocab/NoC-US/1.0/,e_warren
e_warren_003,Doctor_Experience_Second_Half.pdf,"A Doctor's Experience in Three Continents, Letters XX - end","Cushings and Bailey, Publishers",Edward Warren,1885,Memoir of Edward Warren detailing his life and work during the Civil War and his service in Egypt.,application/pdf,memoir,book,Edward Warren; William Wing Loring; Henry Hopkins Sibley; Walter Hanson Jenifer; Alexander Welch Reynolds; Frank A. Reynolds; William P. A. Campbell; Thaddeus Phelps Mott; Charles Chaille-Long; Raleigh Edward Colston; William McEntyre Dye; Alexander Macomb Mason; Beverly Kennon; Henry Goslee Prout; Thomas Grimke Rhett,"Baltimore, MD, USA",39.2904,-76.6122,English,,,,,https://archive.org/details/doctorsexperienc00warr/page/n7/mode/2up,"Educational use includes non-commercial use of text and images in materials for teaching and research purposes. Digital reproduction rights granted by the University of Idaho Library. For other uses beyond free use, please contact University of Idaho Library Special Collections and Archives Department.",http://rightsstatements.org/vocab/NoC-US/1.0/,e_warren
h_prout,,Henry Goslee Prout,,,,,compound_object,,,Henry Goslee Prout,,,,,,,,,,,,
h_prout_001,prout_egypt.jpg,untitled,,unknown,1877,Photograph of Henry Goslee Prout wearing Egyptian Army Undress uniform taken in a studio.,image/jpg,portrait,photograph,Henry Goslee Prout,,,,,,,,,https://vmi.contentdm.oclc.org/digital/collection/p15821coll7/id/3760/,"Educational use includes non-commercial use of text and images in materials for teaching and research purposes. Digital reproduction rights granted by the University of Idaho Library. For other uses beyond free use, please contact University of Idaho Library Special Collections and Archives Department.",http://rightsstatements.org/vocab/NoC-US/1.0/,h_prout
h_prout_002,prout_egypt2.jpeg,untitled,,unknown,,Photograph of Henry Goslee Prout wearing Egyptian Army Undress uniform taken in a studio.,image/jpg,portrait,photograph,Henry Goslee Prout,,,,,,,,,,"Educational use includes non-commercial use of text and images in materials for teaching and research purposes. Digital reproduction rights granted by the University of Idaho Library. For other uses beyond free use, please contact University of Idaho Library Special Collections and Archives Department.",http://rightsstatements.org/vocab/NoC-US/1.0/,h_prout
h_prout_003,prout_older.png,untitled,,unknown,,Photograph of Henry Goslee Prout wearing civilian clothes.,image/jpg,portrait,photograph,Henry Goslee Prout,,,,,,,,,https://www.findagrave.com/memorial/201432932/henry_goslee-prout/photo,"Educational use includes non-commercial use of text and images in materials for teaching and research purposes. Digital reproduction rights granted by the University of Idaho Library. For other uses beyond free use, please contact University of Idaho Library Special Collections and Archives Department.",http://rightsstatements.org/vocab/NoC-US/1.0/,h_prout
h_prout_004,prout_older2.png,untitled,,unknown,1916,Passport photograph of Henry Goslee Prout wearing civilian clothes.,image/jpg,portrait,photograph,Henry Goslee Prout,,,,,,,,,https://www.findagrave.com/memorial/201432932/henry_goslee-prout/photo,"Educational use includes non-commercial use of text and images in materials for teaching and research purposes. Digital reproduction rights granted by the University of Idaho Library. For other uses beyond free use, please contact University of Idaho Library Special Collections and Archives Department.",http://rightsstatements.org/vocab/NoC-US/1.0/,h_prout
h_prout_005,prout_older3.png,Col. H'Y D. Prout,unknown,unknown,,Photograph of Henry Goslee Prout wearing civilian clothes and attending a committee,image/jpg,,photograph,Henry Goslee Prout,,,,,,,,,https://www.loc.gov/resource/ggbain.20656/,"Educational use includes non-commercial use of text and images in materials for teaching and research purposes. Digital reproduction rights granted by the University of Idaho Library. For other uses beyond free use, please contact University of Idaho Library Special Collections and Archives Department.",http://rightsstatements.org/vocab/NoC-US/1.0/,h_prout
h_prout_006,prout_report.pdf,General Report on the Province of Kordofan,"War Office, Bureau of the General Staff",Henry Goslee Prout,1877,Report produced by Henry Goslee Prout intended for Charles Pomeroy Stone.,application/pdf,report,report,Henry Goslee Prout; Charles Pomeroy Stone; Erastus Sparrow Purdy; Raleigh Edward Colston; Alexander Macomb Mason; Wilburn Briggs Hall; Horatio Blake Reed,"Cairo, Egypt",30.033333,31.233334,,,,,,https://babel.hathitrust.org/cgi/pt?id=wu.89095286803&seq=6,"Educational use includes non-commercial use of text and images in materials for teaching and research purposes. Digital reproduction rights granted by the University of Idaho Library. For other uses beyond free use, please contact University of Idaho Library Special Collections and Archives Department.",http://rightsstatements.org/vocab/NoC-US/1.0/,h_prout
h_derrick,,Henry Clay Derrick,,,,,compound_object,,,Henry Clay Derrick,,,,,,,,,,,,
h_derrick_001,derrick_egypt.jpeg,untitled,Helios Photographie,unknown,,"Photograph of Henry Clay Derrick wearing Egyptian Army Full Dress uniform taken at a studio in Cairo, Egypt.",image/jpg,portrait,photograph,Henry Clay Derrick,"Cairo, Egypt",30.033333,31.233334,,,,,,https://finding-aids.lib.unc.edu/00432/#imagefolder_11#1,"Educational use includes non-commercial use of text and images in materials for teaching and research purposes. Digital reproduction rights granted by the University of Idaho Library. For other uses beyond free use, please contact University of Idaho Library Special Collections and Archives Department.",http://rightsstatements.org/vocab/NoC-US/1.0/,h_derrick
h_derrick_002,derrick_egypt2.jpeg,untitled,Helios Photographie,unknown,,"Photograph of Henry Clay Derrick wearing Egyptian Army Undress uniform taken at a studio in Alexandria or Cairo, Egypt.",image/jpg,portrait,photograph,Henry Clay Derrick,,,,,,,,,https://finding-aids.lib.unc.edu/00432/#imagefolder_11#1,"Educational use includes non-commercial use of text and images in materials for teaching and research purposes. Digital reproduction rights granted by the University of Idaho Library. For other uses beyond free use, please contact University of Idaho Library Special Collections and Archives Department.",http://rightsstatements.org/vocab/NoC-US/1.0/,h_derrick
h_derrick_003,derrick_older.jpg,untitled,,unknown,,Photograph of Henry Clay Derrick wearing civilian clothes.,image/jpg,portrait,photograph,Henry Clay Derrick,,,,,,,,,https://www.findagrave.com/memorial/67936351/henry-clay-derrick,"Educational use includes non-commercial use of text and images in materials for teaching and research purposes. Digital reproduction rights granted by the University of Idaho Library. For other uses beyond free use, please contact University of Idaho Library Special Collections and Archives Department.",http://rightsstatements.org/vocab/NoC-US/1.0/,h_derrick
s_lockett,,Samuel Henry Lockett,,,,,compound_object,,,Samuel Henry Lockett,,,,,,,,,,,,
s_lockett_001,lockett_egypt.jpeg,untitled,,unknown,,Photograph of Samuel Henry Lockett wearing Egyptian Army Full Dress uniform taken at a studio.,image/jpg,portrait,photograph,Samuel Henry Lockett,,,,,,,,,https://finding-aids.lib.unc.edu/00432/#imagefolder_11#1,"Educational use includes non-commercial use of text and images in materials for teaching and research purposes. Digital reproduction rights granted by the University of Idaho Library. For other uses beyond free use, please contact University of Idaho Library Special Collections and Archives Department.",http://rightsstatements.org/vocab/NoC-US/1.0/,s_lockett
s_lockett_002,lockett_egypt2.jpeg,untitled,,unknown,,Photograph of Samuel Henry Lockett wearing Egyptian Army Full Dress uniform.,image/jpg,portrait,photograph,Samuel Henry Lockett,,,,,,,,,https://finding-aids.lib.unc.edu/00432/#imagefolder_11#1,"Educational use includes non-commercial use of text and images in materials for teaching and research purposes. Digital reproduction rights granted by the University of Idaho Library. For other uses beyond free use, please contact University of Idaho Library Special Collections and Archives Department.",http://rightsstatements.org/vocab/NoC-US/1.0/,s_lockett
s_lockett_003,lockett_egypt3.jpeg,untitled,,unknown,,Photograph of Samuel Henry Lockett wearing Egyptian Army Full Dress uniform. ,image/jpg,portrait,photograph,Samuel Henry Lockett,,,,,,,,,https://dc.lib.unc.edu/cdm/singleitem/collection/00ddd/id/263836/rec/9,"Educational use includes non-commercial use of text and images in materials for teaching and research purposes. Digital reproduction rights granted by the University of Idaho Library. For other uses beyond free use, please contact University of Idaho Library Special Collections and Archives Department.",http://rightsstatements.org/vocab/NoC-US/1.0/,s_lockett
s_lockett_004,lockett_confederate.png,Colonel Samuel Lockett,,"Washburn, Photo",1861,"Carte-de-visite of Samuel Henry Lockett wearing Confederate States Army uniform taken in a studio in Louisville, KY, USA during the Civil War.",image/png,carte-de-visite,photograph,Samuel Henry Lockett,"Louisville, KY, USA",38.2579,-85.7567,,,,,,https://teva.contentdm.oclc.org/digital/collection/p15138coll5/id/16,"Educational use includes non-commercial use of text and images in materials for teaching and research purposes. Digital reproduction rights granted by the University of Idaho Library. For other uses beyond free use, please contact University of Idaho Library Special Collections and Archives Department.",http://rightsstatements.org/vocab/NoC-US/1.0/,s_lockett
s_lockett_005,lockett_arabi_army.pdf,Arabi and His Army,The Nation,Samuel Henry Lockett,1882,An article written by Samuel Henry Lockett recounting the failures of the Egyptian Army and his experiences in the Egyptian-Ethiopian War,application/pdf,political,article,Samuel Henry Lockett; Charles Pomeroy Stone; William McEntyre Dye,"Knoxville, TN, USA",35.9617,-83.9232,,,,,,https://babel.hathitrust.org/cgi/pt?id=uc1.b000550410&seq=10,"Educational use includes non-commercial use of text and images in materials for teaching and research purposes. Digital reproduction rights granted by the University of Idaho Library. For other uses beyond free use, please contact University of Idaho Library Special Collections and Archives Department.",http://rightsstatements.org/vocab/NoC-US/1.0/,s_lockett
s_lockett_006,lockett_civilian.jpg,untitled,,unknown,,Photograph of Samuel Henry Lockett wearing civilian clothes taken in a studio in America.,image/jpg,portrait,photograph,Samuel Henry Lockett,,,,,,,,,https://dc.lib.unc.edu/cdm/singleitem/collection/00ddd/id/263685/rec/3,"Educational use includes non-commercial use of text and images in materials for teaching and research purposes. Digital reproduction rights granted by the University of Idaho Library. For other uses beyond free use, please contact University of Idaho Library Special Collections and Archives Department.",http://rightsstatements.org/vocab/NoC-US/1.0/,s_lockett
t_mott,,Thaddeus Phelps Mott,,,,,compound_object,,,Thaddeus Phelps Mott,,,,,,,,,,,,
t_mott_001,mott_egypt.jpeg,untitled,,unknown,,Photograph of Thaddeus Phelps Mott wearing Egyptian Army Full Dress uniform taken in a studio.,image/jpg,portrait,photograph,Thaddeus Phelps Mott,,,,,,,,,,"Educational use includes non-commercial use of text and images in materials for teaching and research purposes. Digital reproduction rights granted by the University of Idaho Library. For other uses beyond free use, please contact University of Idaho Library Special Collections and Archives Department.",http://rightsstatements.org/vocab/NoC-US/1.0/,t_mott
t_mott_002,mott_union.png,untitled,,unknown,1863,Photograph of Thaddeus Phelps Mott in United States Army uniform taken in a studio in America in 1863,image/png,portrait,photograph,Thaddeus Phelps Mott,,,,,,,,,http://localhistory.morrisville.edu/sites/unitinfo/mott-14cav.html,"Educational use includes non-commercial use of text and images in materials for teaching and research purposes. Digital reproduction rights granted by the University of Idaho Library. For other uses beyond free use, please contact University of Idaho Library Special Collections and Archives Department.",http://rightsstatements.org/vocab/NoC-US/1.0/,t_mott
t_mott_003,mott_union2.png,Major Thaddeus P. Mott,Abbott & Co.,unknown,,Photograph of Thaddeus Phelps Mott wearing United States Army uniform.,image/png,ferrotype,photograph,Thaddeus Phelps Mott,"New York, NY, USA",40.73061,-73.935242,,,,,,https://www.jamesmountainantiques.com/product/abbott-ferrotype-of-thaddeus-p-mott/,"Educational use includes non-commercial use of text and images in materials for teaching and research purposes. Digital reproduction rights granted by the University of Idaho Library. For other uses beyond free use, please contact University of Idaho Library Special Collections and Archives Department.",http://rightsstatements.org/vocab/NoC-US/1.0/,t_mott
t_mott_004,mott_union3.jpg,untitled,,Mathew Brady,,"Photograph of Thaddeus Phelps Mott wearing United States Army uniform taken at a studio in New York City, NY, USA.",image/jpg,portrait,photograph,Thaddeus Phelps Mott,"New York, NY, USA",40.73061,-73.935242,,,,,,https://collections.si.edu/search/detail/edanmdm:npg_NPG.81.M1219?q=thaddeus+phelps+mott&record=1&hlterm=thaddeus%2Bphelps%2Bmott&inline=true,"Educational use includes non-commercial use of text and images in materials for teaching and research purposes. Digital reproduction rights granted by the University of Idaho Library. For other uses beyond free use, please contact University of Idaho Library Special Collections and Archives Department.",http://rightsstatements.org/vocab/NoC-US/1.0/,t_mott
r_colston,,Raleigh Edward Colston,,,,,compound_object,,,Raleigh Edward Colston,,,,,,,,,,,,
r_colston_001,colston_egypt.jpeg,untitled,,unknown,,Photograph of Raleigh Edward Colston wearing Egyptian Army Undress uniform.,image/jpg,portrait,photograph,Raleigh Edward Colston,,,,,,,,,,"Educational use includes non-commercial use of text and images in materials for teaching and research purposes. Digital reproduction rights granted by the University of Idaho Library. For other uses beyond free use, please contact University of Idaho Library Special Collections and Archives Department.",http://rightsstatements.org/vocab/NoC-US/1.0/,r_colston
r_colston_002,Modern_Egypt.pdf,Modern Egypt and Its People,Journal of the American Geographical Society of New York,Raleigh Edward Colston,1881,An article written by Raleigh Edward Colston that provides an overview of Egyptian society and politics.,application/pdf,political,article,Raleigh Edward Colston; Henry Goslee Prout; Thaddeus Phelps Mott; Henry Hopkins Sibley; William Wing Loring; Charles Pomeroy Stone; Alexander Welch Reynolds; William McEntyre Dye; Charles William Field; Charles Chaille-Long; Samuel Henry Lockett; William H. Ward; Erastus Sparrow Purdy; Alexander Macomb Mason; William P. A. Campbell; Charles Frederick Loshe; Robert Schuyler Lamson; Horatio Blake Reed,,,,,,,,,https://doi.org/10.2307/196457,"Educational use includes non-commercial use of text and images in materials for teaching and research purposes. Digital reproduction rights granted by the University of Idaho Library. For other uses beyond free use, please contact University of Idaho Library Special Collections and Archives Department.",http://rightsstatements.org/vocab/NoC-US/1.0/,r_colston
r_colston_003,Stone_Geography.pdf,Stone-Pasha's Work on Geography,Journal of the American Geographical Society of New York,Raleigh Edward Colston,1887,A list of Charles Pomeroy Stone's accomplishments during his Egyptian service. Written by Raleigh Edward Colston shortly after Stone's death.,application/pdf,geography,article,Raleigh Edward Colston; Charles Pomeroy Stone; Erastus Sparrow Purdy; Alexander Macomb Mason; Eugene Oscar Fechet; Charles Chaille-Long; Henry Goslee Prout; Samuel Henry Lockett; Henry Clay Derrick; William H. Ward; ,,,,,,,,,https://www.jstor.org/stable/196726,"Educational use includes non-commercial use of text and images in materials for teaching and research purposes. Digital reproduction rights granted by the University of Idaho Library. For other uses beyond free use, please contact University of Idaho Library Special Collections and Archives Department.",http://rightsstatements.org/vocab/NoC-US/1.0/,r_colston
r_colston_004,colston_confederate.jpg,"R.E. Colston, C.S.A",,unknown,,Print of Raleigh Edward Colston in Confederate States Army uniform.,image/jpg,portrait,photograph,Raleigh Edward Colston,,,,,,,,,https://www.loc.gov/pictures/item/2018670424/,"Educational use includes non-commercial use of text and images in materials for teaching and research purposes. Digital reproduction rights granted by the University of Idaho Library. For other uses beyond free use, please contact University of Idaho Library Special Collections and Archives Department.",http://rightsstatements.org/vocab/NoC-US/1.0/,r_colston
r_colston_005,colston_egypt2.jpg,untitled,,Anderson,,"Photograph of Raleigh Edward Colston wearing Egyptian Army Full Dress uniform taken in a studio in Richmond, VA, USA.",image/jpg,portrait,photograph,Raleigh Edward Colston,"Richmond, VA, USA",37.5407,-77.436,,,,,,https://encyclopediavirginia.org/4332hpr-98c44a4584d4a0d/,"Educational use includes non-commercial use of text and images in materials for teaching and research purposes. Digital reproduction rights granted by the University of Idaho Library. For other uses beyond free use, please contact University of Idaho Library Special Collections and Archives Department.",http://rightsstatements.org/vocab/NoC-US/1.0/,r_colston
r_colston_006,colston_egypt3.jpg,R.E. Colston ,,unknown,1878,"Photograph of Raleigh Edward Colston wearing Egyptian Army Full Dress uniform taken in a studio in Washington D.C., USA in 1878.",image/jpg,portrait,photograph,Raleigh Edward Colston,"Washington, D.C.",38.8951,-77.0363,,,,,,https://vmi.contentdm.oclc.org/digital/collection/p15821coll7/id/3757/rec/3,"Educational use includes non-commercial use of text and images in materials for teaching and research purposes. Digital reproduction rights granted by the University of Idaho Library. For other uses beyond free use, please contact University of Idaho Library Special Collections and Archives Department.",http://rightsstatements.org/vocab/NoC-US/1.0/,r_colston
r_colston_007,colston_confederate2.jpg,R. E. Colston,,unknown,,Photograph of Raleigh Edward Colston in Confederate States Army uniform taken in a studio in America during the Civil War.,image/jpg,carte-de-visite,photograph,Raleigh Edward Colston,,,,,,,,,https://acwm.pastperfectonline.com/photo/091D7B52-3B1E-45EC-A98B-146229869502,"Educational use includes non-commercial use of text and images in materials for teaching and research purposes. Digital reproduction rights granted by the University of Idaho Library. For other uses beyond free use, please contact University of Idaho Library Special Collections and Archives Department.",http://rightsstatements.org/vocab/NoC-US/1.0/,r_colston
r_colston_008,colston_confederate3.jpg,untitled,,unknown,1862,Photograph of Raleigh Edward Colston in Confederate States Army uniform taken in a studio in America in 1862.,image/jpg,portrait,photograph,Raleigh Edward Colston,,,,,,,,,https://encyclopediavirginia.org/3075hpr-288461401095aa9/,"Educational use includes non-commercial use of text and images in materials for teaching and research purposes. Digital reproduction rights granted by the University of Idaho Library. For other uses beyond free use, please contact University of Idaho Library Special Collections and Archives Department.",http://rightsstatements.org/vocab/NoC-US/1.0/,r_colston
r_colston_009,colston_confederate4.jpg,"Gen. Raleigh E. Colston, Confederate officer",,unknown,1863,Painting of Raleigh Edward Colston in Confederate States Army uniform.,image/jpg,portrait,painting,Raleigh Edward Colston,,,,,,,,,https://vmi.contentdm.oclc.org/digital/collection/p15821coll7/id/4052/,"Educational use includes non-commercial use of text and images in materials for teaching and research purposes. Digital reproduction rights granted by the University of Idaho Library. For other uses beyond free use, please contact University of Idaho Library Special Collections and Archives Department.",http://rightsstatements.org/vocab/NoC-US/1.0/,r_colston
a_reynolds,,Alexander Welch Reynolds,,,,,compound_object,,,Alexander Welch Reynolds,,,,,,,,,,,,
a_reynolds_001,reynolds_egypt.jpeg,Colonel Alex. W. Reynolds,Hutchinson and Co.,unknown,,Photograph of Alexander Welch Reynolds wearing Egyptian Army Full Dress uniform.,image/jpg,portrait,photograph,Alexander Welch Reynolds,,,,,,,,,,"Educational use includes non-commercial use of text and images in materials for teaching and research purposes. Digital reproduction rights granted by the University of Idaho Library. For other uses beyond free use, please contact University of Idaho Library Special Collections and Archives Department.",http://rightsstatements.org/vocab/NoC-US/1.0/,a_reynolds
a_reynolds_002,reynolds_confederate.jpg,untitled,,unknown,,Photograph of Alexander Welch Reynolds wearing Confederate States Army taken in a studio in America during the Civil War.,image/jpg,portrait,photograph,Alexander Welch Reynolds,,,,,,,,,https://web.archive.org/web/20071108024427/http://www.generalsandbrevets.com/sgr/reynoldsaw.htm,"Educational use includes non-commercial use of text and images in materials for teaching and research purposes. Digital reproduction rights granted by the University of Idaho Library. For other uses beyond free use, please contact University of Idaho Library Special Collections and Archives Department.",http://rightsstatements.org/vocab/NoC-US/1.0/,a_reynolds
a_reynolds_003,reynolds_confederate2.png,untitled,,Henry Pollock,,Photograph of Alexander Welch Reynolds wearing Confederate States Army taken in a studio in America during the Civil War.,image/png,carte-de-visite,photograph,Alexander Welch Reynolds,"Baltimore, MD, USA",39.2904,-76.6122,,,,,,https://www.loc.gov/resource/ppmsca.77877/,"Educational use includes non-commercial use of text and images in materials for teaching and research purposes. Digital reproduction rights granted by the University of Idaho Library. For other uses beyond free use, please contact University of Idaho Library Special Collections and Archives Department.",http://rightsstatements.org/vocab/NoC-US/1.0/,a_reynolds
a_reynolds_004,reynolds_egypt2.jpg,untitled,,"L. Fiorillo, Phot.",,"Photograph of Alexander Welch Reynolds wearing Egyptian Army Full Dress uniform taken in a studio in Alexandria, Egypt.",image/png,cabinet-portrait,photograph,Alexander Welch Reynolds,"Alexandria, Egypt",31.2001,29.9187,,,,,,https://wvhistoryonview.org/catalog/030008,"Educational use includes non-commercial use of text and images in materials for teaching and research purposes. Digital reproduction rights granted by the University of Idaho Library. For other uses beyond free use, please contact University of Idaho Library Special Collections and Archives Department.",http://rightsstatements.org/vocab/NoC-US/1.0/,a_reynolds
a_reynolds_005,reynolds_us.jpg,untitled,,unknown,,"Photograph of Alexander Welch Reynolds wearing United States Army uniform, taken in America sometime before 1861.",image/jpg,portrait,photograph,Alexander Welch Reynolds,,,,,,,,,https://web.archive.org/web/20071108024427/http://www.generalsandbrevets.com/sgr/reynoldsaw.htm,"Educational use includes non-commercial use of text and images in materials for teaching and research purposes. Digital reproduction rights granted by the University of Idaho Library. For other uses beyond free use, please contact University of Idaho Library Special Collections and Archives Department.",http://rightsstatements.org/vocab/NoC-US/1.0/,a_reynolds
e_purdy,,Erastus Sparrow Purdy,,,,,compound_object,,,Erastus Sparrow Purdy,,,,,,,,,,,,
e_purdy_001,purdy_union.jpg,Capt. E. S. Purdy,,unknown,,Photograph of Erastus Sparrow Purdy wearing United States Army uniform taken in a studio in America.,image/jpg,portrait,photograph,Erastus Sparrow Purdy,,,,,,,,,https://www.lincolncollection.org/collection/categories/item/?cat=20&page=36&item=48183&view=gallery,"Educational use includes non-commercial use of text and images in materials for teaching and research purposes. Digital reproduction rights granted by the University of Idaho Library. For other uses beyond free use, please contact University of Idaho Library Special Collections and Archives Department.",http://rightsstatements.org/vocab/NoC-US/1.0/,e_purdy
e_purdy_002,purdy_union2.jpg,Capt. E. S. Purdy,,unknown,,Photograph of Erastus Sparrow Purdy wearing United States Army uniform taken in a studio in America.,image/jpg,portrait,photograph,Erastus Sparrow Purdy,,,,,,,,,https://www.findagrave.com/memorial/8372136/erastus-sparrow-purdy,"Educational use includes non-commercial use of text and images in materials for teaching and research purposes. Digital reproduction rights granted by the University of Idaho Library. For other uses beyond free use, please contact University of Idaho Library Special Collections and Archives Department.",http://rightsstatements.org/vocab/NoC-US/1.0/,e_purdy
e_purdy_003,purdy_egypt.jpg,Purdy-Pacha,,Societe de Geographie,1879,"Photograph of Erastus Sparrow Purdy wearing Egyptian Army Full Dress uniform, taken in a studio.",image/jpg,portrait,photograph,Erastus Sparrow Purdy,"Paris, France",48.886944,2.341111,,,,,,https://commons.wikimedia.org/wiki/File:Purdy-Pacha_-_btv1b8449823q_%281_of_2%29.jpg,"Educational use includes non-commercial use of text and images in materials for teaching and research purposes. Digital reproduction rights granted by the University of Idaho Library. For other uses beyond free use, please contact University of Idaho Library Special Collections and Archives Department.",http://rightsstatements.org/vocab/NoC-US/1.0/,e_purdy
h_sibley,,Henry Hopkins Sibley,,,,,compound_object,,,Henry Hopkins Sibley,,,,,,,,,,,,
h_sibley_001,hhsibley_confederate.jpg,untitled,,unknown,,Photograph of Henry Hopkins Sibley wearing Confederate States Army uniform taken in a studio in America during the Civil War.,image/jpg,portrait,photograph,Henry Hopkins Sibley,,,,,,,,,https://loc.gov/pictures/resource/cwpb.05992/,"Educational use includes non-commercial use of text and images in materials for teaching and research purposes. Digital reproduction rights granted by the University of Idaho Library. For other uses beyond free use, please contact University of Idaho Library Special Collections and Archives Department.",http://rightsstatements.org/vocab/NoC-US/1.0/,h_sibley
h_sibley_002,sibley_confederate.jpg,untitled,,unknown,,Photograph of Henry Hopkins Sibley wearing Confederate States Army uniform taken in a studio in America during the Civil War.,image/jpg,portrait,photograph,Henry Hopkins Sibley,,,,,,,,,https://acwm.pastperfectonline.com/Photo/C09B9642-0420-406C-A119-974216637632,"Educational use includes non-commercial use of text and images in materials for teaching and research purposes. Digital reproduction rights granted by the University of Idaho Library. For other uses beyond free use, please contact University of Idaho Library Special Collections and Archives Department.",http://rightsstatements.org/vocab/NoC-US/1.0/,h_sibley
h_sibley_003,sibley_egypt.jpeg,untitled,,unknown,1873,Photograph of Henry Hopkins Sibley wearing Egyptian Army Full Dress uniform taken in a studio in 1873.,image/jpg,portrait,photograph,Henry Hopkins Sibley,,,,,,,,,,"Educational use includes non-commercial use of text and images in materials for teaching and research purposes. Digital reproduction rights granted by the University of Idaho Library. For other uses beyond free use, please contact University of Idaho Library Special Collections and Archives Department.",http://rightsstatements.org/vocab/NoC-US/1.0/,h_sibley
h_sibley_004,sibley_egypt2.jpeg,untitled,,unknown,1873,"Photograph of Henry Hopkins Sibley wearing civilian clothes and a fez taken in a studio in Alexandria, Egypt in 1873.",image/jpg,portrait,photograph,Henry Hopkins Sibley,"Alexandria, Egypt",31.2001,29.9187,,,,,,,"Educational use includes non-commercial use of text and images in materials for teaching and research purposes. Digital reproduction rights granted by the University of Idaho Library. For other uses beyond free use, please contact University of Idaho Library Special Collections and Archives Department.",http://rightsstatements.org/vocab/NoC-US/1.0/,h_sibley
h_sibley_005,sibley_young.jpeg,untitled,,unknown,1850,Illustration of Henry Hopkins Sibley wearing civilian clothes.,image/jpg,portrait,illustration,Henry Hopkins Sibley,,,,,,,,,,"Educational use includes non-commercial use of text and images in materials for teaching and research purposes. Digital reproduction rights granted by the University of Idaho Library. For other uses beyond free use, please contact University of Idaho Library Special Collections and Archives Department.",http://rightsstatements.org/vocab/NoC-US/1.0/,h_sibley
t_johnson,,Thomas Dickinson Johnson,,,,,compound_object,,,Thomas Dickinson Johnson,,,,,,,,,,,,
t_johnson_001,johnson_egypt.jpeg,untitled,,unknown,,Photograph of Thomas Dickinson Johnson wearing Egyptian Army Undress uniform taken in a studio.,image/jpg,portrait,photograph,Thomas Dickinson Johnson,,,,,,,,,https://finding-aids.lib.unc.edu/00432/#imagefolder_11#1,"Educational use includes non-commercial use of text and images in materials for teaching and research purposes. Digital reproduction rights granted by the University of Idaho Library. For other uses beyond free use, please contact University of Idaho Library Special Collections and Archives Department.",http://rightsstatements.org/vocab/NoC-US/1.0/,t_johnson
c_field,,Charles William Field,,,,,compound_object,,,Charles William Field,,,,,,,,,,,,
c_field_001,field_confederate.jpg,untitled,,unknown,,Photograph of Charles William Field in Confederate States Army uniform.,image/jpg,portrait,photograph,Charles William Field,,,,,,,,,https://archive.org/details/manassasappomatt00longrich/page/576/mode/2up?view=theater,"Educational use includes non-commercial use of text and images in materials for teaching and research purposes. Digital reproduction rights granted by the University of Idaho Library. For other uses beyond free use, please contact University of Idaho Library Special Collections and Archives Department.",http://rightsstatements.org/vocab/NoC-US/1.0/,c_field
c_field_002,field_civilian.jpg,untitled,,unknown,,Photograph of Charles William Field wearing civlian clothes,image/jpg,portrait,photograph,Charles William Field,,,,,,,,,https://hd.housedivided.dickinson.edu/node/14552,"Educational use includes non-commercial use of text and images in materials for teaching and research purposes. Digital reproduction rights granted by the University of Idaho Library. For other uses beyond free use, please contact University of Idaho Library Special Collections and Archives Department.",http://rightsstatements.org/vocab/NoC-US/1.0/,c_field
c_loshe,,Charles Frederick Loshe,,,,,compound_object,,,Charles Frederick Loshe,,,,,,,,,,,,
c_loshe_001,loshe_union.jpeg,untitled,,unknown,1863,Photograph of Charles Frederick Loshe wearing civilian clothes.,image/jpg,portrait,photograph,Charles Frederick Loshe,,,,,,,,,https://www.findagrave.com/memorial/113499152/charles_frederick-loshe/photo,"Educational use includes non-commercial use of text and images in materials for teaching and research purposes. Digital reproduction rights granted by the University of Idaho Library. For other uses beyond free use, please contact University of Idaho Library Special Collections and Archives Department.",http://rightsstatements.org/vocab/NoC-US/1.0/,c_loshe
c_loshe_002,loshe_civilian.jpeg,untitled,,unknown,1865,"Carte-de-visite of Charles Frederick Loshe wearing civilian clothes taken in a studio in New Orleans, LA, USA in 1865.",image/jpg,carte-de-visite,photograph,Charles Frederick Loshe,"New Orleans, LA, USA",29.9509,-90.0758,,,,,,https://www.findagrave.com/memorial/113499152/charles_frederick-loshe/photo#view-photo=176537858,"Educational use includes non-commercial use of text and images in materials for teaching and research purposes. Digital reproduction rights granted by the University of Idaho Library. For other uses beyond free use, please contact University of Idaho Library Special Collections and Archives Department.",http://rightsstatements.org/vocab/NoC-US/1.0/,c_loshe
r_savage,,Richard Henry Savage,,,,,compound_object,,,Richard Henry Savage,,,,,,,,,,,,
r_savage_001,savage_union.jpg,Colonel Richard Henry Savage,The Pacific Monthly,Charles Warren Stoddard,,Photograph of Richard Henry Savage wearing unknown military uniform taken in a studio.,image/jpg,portrait,photograph,Richard Henry Savage,,,,,,,,,https://archive.org/details/pacificmonthly00woodrich/page/645/mode/1up?view=theater,"Educational use includes non-commercial use of text and images in materials for teaching and research purposes. Digital reproduction rights granted by the University of Idaho Library. For other uses beyond free use, please contact University of Idaho Library Special Collections and Archives Department.",http://rightsstatements.org/vocab/NoC-US/1.0/,r_savage
r_savage_002,savage_portrait.jpg,Richard Henry Savage,F. Tennyson Neely,Richard Henry Savage,1894,Photograph of Richard Henry Savage wearing civilian clothes.,image/jpg,portrait,photograph,Richard Henry Savage,"New York, NY, USA",40.73061,-73.935242,,,,,,https://archive.org/details/anarchiststoryof00savarich/page/n6/mode/1up?view=theater,"Educational use includes non-commercial use of text and images in materials for teaching and research purposes. Digital reproduction rights granted by the University of Idaho Library. For other uses beyond free use, please contact University of Idaho Library Special Collections and Archives Department.",http://rightsstatements.org/vocab/NoC-US/1.0/,r_savage
r_savage_003,savage_uniform.jpg,Colonel Richard Henry Savage,"Seeman and Peters, Printers and Binders",United States Military Academy Association of Graduates,,"Photograph of Richard Henry Savage wearing unknown military uniform, most likely taken in the 1890s.",image/jpg,portrait,photograph,Richard Henry Savage,,,,,,,,,https://books.google.com/books?id=0U0uAAAAYAAJ&pg=PA110#v=onepage&q&f=false,"Educational use includes non-commercial use of text and images in materials for teaching and research purposes. Digital reproduction rights granted by the University of Idaho Library. For other uses beyond free use, please contact University of Idaho Library Special Collections and Archives Department.",http://rightsstatements.org/vocab/NoC-US/1.0/,r_savage
r_savage_004,Shadow_of_the_Pyramids.pdf,"In the Shadow of the Pyramids: The Last Days of Ismail Khedive, 1879","Rand, McNally and Co., Publishers",Richard Henry Savage,1894,"Novel about Egyptian history, the reign of Khedive Ismail Pasha, and the involvement of Charles Gordon alongside the other American soldiers who served in Egypt. ",application/pdf,fiction,book,Richard Henry Savage; William Wing Loring; Thaddeus Phelps Mott; Charles Pomeroy Stone; Henry Hopkins Sibley; Alexander Welch Reynolds; Charles Carroll Tevis; Thomas Grimke Rhett; Walter Hanson Jenifer; Beverly Kennon; Raleigh Edward Colston; William McEntyre Dye; William H. Ward; Samuel Henry Lockett; Charles Iverson Graves; James Alfred Dennison; Charles Frederick Loshe; Robert Schuyler Lamson; Chancellor Martin; David Essex Porter; Charles William Field; Henry Clay Derrick; Thomas Dickinson Johnson; William H. Wilson; Henry Irgins; Erastus Sparrow Purdy; Alexander Macomb Mason; Charles Chaille-Long; Henry Goslee Prout,"New York, NY, USA",40.73061,-73.935242,English,,,,,https://babel.hathitrust.org/cgi/pt?id=osu.32435018040220&seq=1,"Educational use includes non-commercial use of text and images in materials for teaching and research purposes. Digital reproduction rights granted by the University of Idaho Library. For other uses beyond free use, please contact University of Idaho Library Special Collections and Archives Department.",http://rightsstatements.org/vocab/NoC-US/1.0/,r_savage
r_savage_005,falka_book.pdf,Lost Countess Falka; a Story of the Orient,"Rand, McNally and Co., Publishers",Richard Henry Savage,1896,Novel that includes various soldiers who served in Egypt.,application/pdf,fiction,book,Richard Henry Savage; Alexander Macomb Mason; Charles Pomeroy Stone; Erastus Sparrow Purdy; Eugene Oscar Fechet; Henry Ronald Hislop Douglas MacIver; Beverly Kennon,,,,,,,,,https://archive.org/details/lostcountessfalk00savaiala/page/n1/mode/2up?q=egypt,"Educational use includes non-commercial use of text and images in materials for teaching and research purposes. Digital reproduction rights granted by the University of Idaho Library. For other uses beyond free use, please contact University of Idaho Library Special Collections and Archives Department.",http://rightsstatements.org/vocab/NoC-US/1.0/,r_savage
r_savage_006,dennison_obit.pdf,"""James Alfred Dennison""","Seeman and Peters, Printers and Binders",Richard Henry Savage,1901,Obituary of James Alfred Dennison written by Richard Henry Savage.,application/pdf,obituary,obituary,Richard Henry Savage; James Alfred Dennison; Charles Pomeroy Stone; William Wing Loring; William McEntyre Dye; Erastus Sparrow Purdy; Henry Goslee Prout; Charles Chaille-Long,"Saginaw, MI, USA",43.42038,-83.950462,,,,,,https://play.google.com/store/books/details?id=65VNAAAAYAAJ&rdid=book-65VNAAAAYAAJ&rdot=1,"Educational use includes non-commercial use of text and images in materials for teaching and research purposes. Digital reproduction rights granted by the University of Idaho Library. For other uses beyond free use, please contact University of Idaho Library Special Collections and Archives Department.",http://rightsstatements.org/vocab/NoC-US/1.0/,r_savage
c_tevis,,Charles Carroll Tevis,,,,,compound_object,,,Charles Carroll Tevis,,,,,,,,,,,,
c_tevis_001,tevis_union.jpeg,untitled,,unknown,,Photograph of Charles Carroll Tevis wearing United States Army uniform taken in a studio.,image/jpg,portrait,photograph,Charles Carroll Tevis,,,,,,,,,https://www.findagrave.com/memorial/43987894/charles_carroll-tevis/photo#view-photo=191489889,"Educational use includes non-commercial use of text and images in materials for teaching and research purposes. Digital reproduction rights granted by the University of Idaho Library. For other uses beyond free use, please contact University of Idaho Library Special Collections and Archives Department.",http://rightsstatements.org/vocab/NoC-US/1.0/,c_tevis
c_tevis_002,tevis_union2.jpg,Gen. C. Carrol Tevis,,Mathew Brady,,Photograph of Charles Carroll Tevis wearing United States Army uniform taken in a studio.,image/jpg,portrait,photograph,Charles Carroll Tevis,,,,,,,,,https://catalog.archives.gov/id/526901,"Educational use includes non-commercial use of text and images in materials for teaching and research purposes. Digital reproduction rights granted by the University of Idaho Library. For other uses beyond free use, please contact University of Idaho Library Special Collections and Archives Department.",http://rightsstatements.org/vocab/NoC-US/1.0/,c_tevis
c_tevis_003,tevis_egypt.jpeg,General Charles C. Tevis,Thirty-Second Annual Reunion of the Association of the Graduates of the United States Military,United States Military Academy Association of Graduates,,Photograph of Charles Carroll Tevis wearing Egyptian Army Undress uniform with an unknown cap.,image/jpg,portrait,photograph,Charles Carroll Tevis,,,,,,,,,https://penelope.uchicago.edu/Thayer/E/Gazetteer/Places/America/United_States/Army/USMA/AOG_Reunions/32/Charles_Carrol_Tevis.html,"Educational use includes non-commercial use of text and images in materials for teaching and research purposes. Digital reproduction rights granted by the University of Idaho Library. For other uses beyond free use, please contact University of Idaho Library Special Collections and Archives Department.",http://rightsstatements.org/vocab/NoC-US/1.0/,c_tevis
c_tevis_004,tevis_ottoman.jpg,"Portrait de Nessim-Bey, Campagne d'Asia",,Antoine-Jean-Etienne Faivre,1855,"Painting of Charles Carroll Tevis while serving in the Ottoman Army, known under his alias as Nessim Bey.",image/jpg,portrait,painting,Charles Carroll Tevis,"Ocala, Florida, USA",29.2066308,-82.0771219,,,,,,https://www.appletonmuseum.org/permanent/european/,"Educational use includes non-commercial use of text and images in materials for teaching and research purposes. Digital reproduction rights granted by the University of Idaho Library. For other uses beyond free use, please contact University of Idaho Library Special Collections and Archives Department.",http://rightsstatements.org/vocab/NoC-US/1.0/,c_tevis
c_tevis_005,tevis_union3.jpg,untitled,,unknown,,Photograph of Charles Carroll Tevis wearing United States Army uniform taken in a studio.,image/jpg,portrait,photograph,Charles Carroll Tevis,,,,,,,,,https://www.ebay.com/itm/167979593582,"Educational use includes non-commercial use of text and images in materials for teaching and research purposes. Digital reproduction rights granted by the University of Idaho Library. For other uses beyond free use, please contact University of Idaho Library Special Collections and Archives Department.",http://rightsstatements.org/vocab/NoC-US/1.0/,c_tevis
c_tevis_006,tevis_union4.jpg,untitled,,Mathew Brady,,Photograph of Charles Carroll Tevis wearing United States Army uniform taken in a studio.,image/jpg,portrait,photograph,Charles Carroll Tevis,,,,,,,,,https://commons.wikimedia.org/wiki/Category:Washington_Carroll_Tevis#/media/File:Gen._C._Carrol_Tiers_-_NARA_-_530520.jpg,"Educational use includes non-commercial use of text and images in materials for teaching and research purposes. Digital reproduction rights granted by the University of Idaho Library. For other uses beyond free use, please contact University of Idaho Library Special Collections and Archives Department.",http://rightsstatements.org/vocab/NoC-US/1.0/,c_tevis
c_graves,,Charles Iverson Graves,,,,,compound_object,,,Charles Iverson Graves,,,,,,,,,,,,
c_graves_001,graves_civilian.jpg,untitled,,unknown,,Framed photograph of Charles Iverson Graves wearing United States Naval uniform taken before the Civil War.,image/jpg,ambrotype,photograph,Charles Iverson Graves,,,,,,,,,https://dlg.usg.edu/record/dlg_vang_new293-84,"Educational use includes non-commercial use of text and images in materials for teaching and research purposes. Digital reproduction rights granted by the University of Idaho Library. For other uses beyond free use, please contact University of Idaho Library Special Collections and Archives Department.",http://rightsstatements.org/vocab/NoC-US/1.0/,c_graves
c_graves_002,graves_egypt.jpg,untitled,,unknown,,Photograph of Charles Iverson Graves wearing a mixture of Egyptian Army Full Dress and Undress uniforms taken in a studio.,image/jpg,portrait,photograph,Charles Iverson Graves,,,,,,,,,https://blogs.lib.unc.edu/shc/2013/11/29/a-movember-to-remember/,"Educational use includes non-commercial use of text and images in materials for teaching and research purposes. Digital reproduction rights granted by the University of Idaho Library. For other uses beyond free use, please contact University of Idaho Library Special Collections and Archives Department.",http://rightsstatements.org/vocab/NoC-US/1.0/,c_graves
c_graves_003,graves_usnavy.jpg,untitled,,unknown,1861,"Photograph of Charles Iverson Graves wearing United States Naval uniform, taken at a studio in Italy while serving on the U.S.S. Iroquois.",image/jpg,portrait,photograph,Charles Iverson Graves,Italy,,,,,,,,https://finding-aids.lib.unc.edu/catalog/02606_aspace_f810d00d3f92850582cbfea58e8b28fa,"Educational use includes non-commercial use of text and images in materials for teaching and research purposes. Digital reproduction rights granted by the University of Idaho Library. For other uses beyond free use, please contact University of Idaho Library Special Collections and Archives Department.",http://rightsstatements.org/vocab/NoC-US/1.0/,c_graves
c_graves_004,graves_speech.pdf,untitled,,Charles Iverson Graves,1879,"A speech written by Charles Iverson Graves about the history of Egypt and its modern culture, presumably given to an audience in Augusta, Georgia. Based on his reference to the Khedive and Cleopatra's Needle, it is dated to late 1879. It is unknown if he ever presented this speech.",application/pdf,speech,manuscript,Charles Iverson Graves; William Wing Loring; Alexander Welch Reynolds; Henry Hopkins Sibley; Charles William Field; Raleigh Edward Colston; William H. Ward; Samuel Henry Lockett; Wilburn Briggs Hall; Alexander Macomb Mason; Henry Clay Derrick; Beverly Kennon,,,,,,,,,https://finding-aids.lib.unc.edu/catalog/02606_aspace_11121f0bc8e10162bf15f2dedd2713f7,"Educational use includes non-commercial use of text and images in materials for teaching and research purposes. Digital reproduction rights granted by the University of Idaho Library. For other uses beyond free use, please contact University of Idaho Library Special Collections and Archives Department.",http://rightsstatements.org/vocab/NoC-US/1.0/,c_graves
c_hunt,,Cornelius E. Hunt,,,,,compound_object,,,Cornelius E. Hunt,,,,,,,,,,,,
c_hunt_001,hunt_confederate.jpeg,"Master's Mate Cornelius E. Hunt, CSN",,"Rideau, Cherbourg, France",1863,"Photograph of Cornelius E. Hunt wearing Confederate States Naval uniform, taken in a studio during the Civil War.",image/jpg,portrait,photograph,Cornelius E. Hunt,,,,,,,,,https://www.history.navy.mil/content/history/nhhc/our-collections/photography/numerical-list-of-images/nhhc-series/nh-series/NH-48000/NH-48971.html,"Educational use includes non-commercial use of text and images in materials for teaching and research purposes. Digital reproduction rights granted by the University of Idaho Library. For other uses beyond free use, please contact University of Idaho Library Special Collections and Archives Department.",http://rightsstatements.org/vocab/NoC-US/1.0/,c_hunt
h_reed,,Horatio Blake Reed,,,,,compound_object,,,Horatio Blake Reed,,,,,,,,,,,,
h_reed_001,reed_civilian.jpg,untitled,,J.T. Upton,,Photograph of Horatio Blake Reed wearing civilian clothes.,image/jpg,portrait,photograph,Horatio Blake Reed,"Buffalo, NY, USA",42.88023,-78.878738,,,,,,https://www.horsesoldier.com/products/photography/cdvs/identified-cdvs/22370,"Educational use includes non-commercial use of text and images in materials for teaching and research purposes. Digital reproduction rights granted by the University of Idaho Library. For other uses beyond free use, please contact University of Idaho Library Special Collections and Archives Department.",http://rightsstatements.org/vocab/NoC-US/1.0/,h_reed
h_reed_002,reed_union.jpg,untitled,,unknown,,Photograph of Horatio Blake Reed wearing United States Army uniform taken in a studio.,image/jpg,portrait,photograph,Horatio Blake Reed,,,,,,,,,https://www.findagrave.com/memorial/96484780/horatio_blake-reed/photo#view-photo=66586298,"Educational use includes non-commercial use of text and images in materials for teaching and research purposes. Digital reproduction rights granted by the University of Idaho Library. For other uses beyond free use, please contact University of Idaho Library Special Collections and Archives Department.",http://rightsstatements.org/vocab/NoC-US/1.0/,h_reed
e_fechet,,Eugene Oscar Fechet,,,,,compound_object,,,Eugene Oscar Fechet,,,,,,,,,,,,
e_fechet_001,fechet_older.png,Memorial Day this Year Finds Sixteen Veterans of the Civil War Still on the Active List of U.S. Army Officers,New-York Tribune,unknown,1909,Photograph of Eugene Oscar Fechet wearing United States Army uniform taken in 1909.,image/png,portrait,photograph,Eugene Oscar Fechet,"New York, NY, USA",40.73061,-73.935242,,,,,,"https://www.loc.gov/resource/sn83030214/1909-05-30/ed-1/?sp=15&r=-0.127,0.012,1.439,0.552,0","Educational use includes non-commercial use of text and images in materials for teaching and research purposes. Digital reproduction rights granted by the University of Idaho Library. For other uses beyond free use, please contact University of Idaho Library Special Collections and Archives Department.",http://rightsstatements.org/vocab/NoC-US/1.0/,e_fechet
e_fechet_002,fechet_civilian.jpg,Eugene O. Fechet,,unknown,,Photograph of Eugene Oscar Fechet wearing civilian clothes.,image/jpg,carte-de-visite,photograph,Eugene Oscar Fechet,,,,,,,,,https://sparedshared23.com/2024/12/26/1862-eugene-oscar-fechet-to-friend-marshall/,"Educational use includes non-commercial use of text and images in materials for teaching and research purposes. Digital reproduction rights granted by the University of Idaho Library. For other uses beyond free use, please contact University of Idaho Library Special Collections and Archives Department.",http://rightsstatements.org/vocab/NoC-US/1.0/,e_fechet
e_fechet_003,fechet_westpoint.jpeg,untitled,,unknown,,Photograph of Eugene Oscar Fechet wearing West Point uniform.,image/jpg,portrait,photograph,Eugene Oscar Fechet,,,,,,,,,https://www.findagrave.com/memorial/49180602/eugene_oscar-fechet,"Educational use includes non-commercial use of text and images in materials for teaching and research purposes. Digital reproduction rights granted by the University of Idaho Library. For other uses beyond free use, please contact University of Idaho Library Special Collections and Archives Department.",http://rightsstatements.org/vocab/NoC-US/1.0/,e_fechet
e_fechet_004,martin_obit.pdf,Chancellor Martin,"Seeman and Peters, Printers and Binders",United States Military Academy Association of Graduates,1917,Obituary of Chancellor Martin written by Eugene Oscar Fechet,application/pdf,obituary,obituary,Eugene Oscar Fechet; Chancellor Martin; Charles Pomeroy Stone,"Saginaw, MI, USA",43.42038,-83.950462,,,,,,https://babel.hathitrust.org/cgi/pt?id=nyp.33433009297635&seq=130,"Educational use includes non-commercial use of text and images in materials for teaching and research purposes. Digital reproduction rights granted by the University of Idaho Library. For other uses beyond free use, please contact University of Idaho Library Special Collections and Archives Department.",http://rightsstatements.org/vocab/NoC-US/1.0/,e_fechet
e_fechet_005,savage_obit.pdf,Richard Henry Savage,"Seeman and Peters, Printers and Binders",United States Military Academy Association of Graduates,1904,Obituary of Richard Henry Savage written by Eugene Oscar Fechet.,application/pdf,obituary,obituary,Eugene Oscar Fechet; Richard Henry Savage; Charles Pomeroy Stone,"Saginaw, MI, USA",43.42038,-83.950462,,,,,,https://usmalibrary.contentdm.oclc.org/digital/collection/aogreunion/id/8094/rec/35,"Educational use includes non-commercial use of text and images in materials for teaching and research purposes. Digital reproduction rights granted by the University of Idaho Library. For other uses beyond free use, please contact University of Idaho Library Special Collections and Archives Department.",http://rightsstatements.org/vocab/NoC-US/1.0/,e_fechet
h_maciver,,Henry Ronald Hislop Douglas MacIver,,,,,compound_object,,,Henry Ronald Hislop Douglas MacIver,,,,,,,,,,,,
h_maciver_001,maciver_confederate.jpg,untitled,,unknown,1863,Photograph of Henry Ronald Hislop Douglas MacIver wearing Confederate States Army uniform taken in a studio in America in 1863.,image/jpg,portrait,photograph,Henry Ronald Hislop Douglas MacIver,,,,,,,,,,"Educational use includes non-commercial use of text and images in materials for teaching and research purposes. Digital reproduction rights granted by the University of Idaho Library. For other uses beyond free use, please contact University of Idaho Library Special Collections and Archives Department.",http://rightsstatements.org/vocab/NoC-US/1.0/,h_maciver
h_maciver_002,maciver_civilian.jpg,untitled,,unknown,,Photograph of Henry Ronald Hislop Douglas MacIver wearing civilian clothes.,image/jpg,portrait,photograph,Henry Ronald Hislop Douglas MacIver,,,,,,,,,,"Educational use includes non-commercial use of text and images in materials for teaching and research purposes. Digital reproduction rights granted by the University of Idaho Library. For other uses beyond free use, please contact University of Idaho Library Special Collections and Archives Department.",http://rightsstatements.org/vocab/NoC-US/1.0/,h_maciver
h_maciver_003,maciver_egypt.jpg,untitled,,unknown,1870,Print of Henry Ronald Hislop Douglas MacIver wearing Egyptian Army Undress uniform in Egypt in 1870.,image/jpg,portrait,print,Henry Ronald Hislop Douglas MacIver,,,,,,,,,,"Educational use includes non-commercial use of text and images in materials for teaching and research purposes. Digital reproduction rights granted by the University of Idaho Library. For other uses beyond free use, please contact University of Idaho Library Special Collections and Archives Department.",http://rightsstatements.org/vocab/NoC-US/1.0/,h_maciver
h_maciver_004,maciver_argentine.jpg,untitled,,unknown,,Photograph of Henry Ronald Hislop Douglas MacIver wearing Argentine Army uniform.,image/jpg,portrait,photograph,Henry Ronald Hislop Douglas MacIver,,,,,,,,,,"Educational use includes non-commercial use of text and images in materials for teaching and research purposes. Digital reproduction rights granted by the University of Idaho Library. For other uses beyond free use, please contact University of Idaho Library Special Collections and Archives Department.",http://rightsstatements.org/vocab/NoC-US/1.0/,h_maciver
h_maciver_005,maciver_serbia1.jpg,untitled,,unknown,,Photograph of Henry Ronald Hislop Douglas MacIver wearing Serbian Army uniform taken in a studio.,image/jpg,portrait,photograph,Henry Ronald Hislop Douglas MacIver,,,,,,,,,,"Educational use includes non-commercial use of text and images in materials for teaching and research purposes. Digital reproduction rights granted by the University of Idaho Library. For other uses beyond free use, please contact University of Idaho Library Special Collections and Archives Department.",http://rightsstatements.org/vocab/NoC-US/1.0/,h_maciver
h_maciver_006,maciver_serbia2.jpg,untitled,,unknown,,Cut out photograph of Henry Ronald Hislop Douglas MacIver wearing Serbian Army uniform.,image/jpg,portrait,photograph,Henry Ronald Hislop Douglas MacIver,,,,,,,,,,"Educational use includes non-commercial use of text and images in materials for teaching and research purposes. Digital reproduction rights granted by the University of Idaho Library. For other uses beyond free use, please contact University of Idaho Library Special Collections and Archives Department.",http://rightsstatements.org/vocab/NoC-US/1.0/,h_maciver
h_maciver_007,maciver_serbia3.jpg,untitled,,unknown,,Illustration of Henry Ronald Hislop Douglas MacIver wearing Serbian Army military uniform in a studio.,image/jpg,portrait,illustration,Henry Ronald Hislop Douglas MacIver,,,,,,,,,,"Educational use includes non-commercial use of text and images in materials for teaching and research purposes. Digital reproduction rights granted by the University of Idaho Library. For other uses beyond free use, please contact University of Idaho Library Special Collections and Archives Department.",http://rightsstatements.org/vocab/NoC-US/1.0/,h_maciver
h_maciver_008,maciver_older.png,untitled,,unknown,,Photograph of Henry Ronald Hislop Douglas MacIver wearing civilian clothes taken in a studio.,image/png,portrait,photograph,Henry Ronald Hislop Douglas MacIver,,,,,,,,,https://emergingcivilwar.com/2023/04/25/civil-war-surprises-confederate-flashman-the-adventures-of-henry-r-h-maciver-part-4/,"Educational use includes non-commercial use of text and images in materials for teaching and research purposes. Digital reproduction rights granted by the University of Idaho Library. For other uses beyond free use, please contact University of Idaho Library Special Collections and Archives Department.",http://rightsstatements.org/vocab/NoC-US/1.0/,h_maciver
h_maciver_009,maciver_mexican.jpeg,untitled,,unknown,,Photograph of Henry Ronald Hislop Douglas MacIver wearing Mexican Army uniform taken in a studio.,image/jpg,portrait,photograph,Henry Ronald Hislop Douglas MacIver,,,,,,,,,https://www.findagrave.com/memorial/154208194/henry-ronald_hislop_douglas-mciver#view-photo=289253556,"Educational use includes non-commercial use of text and images in materials for teaching and research purposes. Digital reproduction rights granted by the University of Idaho Library. For other uses beyond free use, please contact University of Idaho Library Special Collections and Archives Department.",http://rightsstatements.org/vocab/NoC-US/1.0/,h_maciver
j_dennison,,James Alfred Dennison,,,,,compound_object,,,James Alfred Dennison,,,,,,,,,,,,
j_dennison_001,dennison_civilian.jpg,Colonel James A. Dennison,"Seeman and Peters, Printers and Binders",United States Military Academy Association of Graduates,,Photograph of James Alfred Dennison wearing civilian clothes.,image/jpg,portrait,photograph,James Alfred Dennison,,,,,,,,,https://play.google.com/store/books/details?id=65VNAAAAYAAJ&rdid=book-65VNAAAAYAAJ&rdot=1,"Educational use includes non-commercial use of text and images in materials for teaching and research purposes. Digital reproduction rights granted by the University of Idaho Library. For other uses beyond free use, please contact University of Idaho Library Special Collections and Archives Department.",http://rightsstatements.org/vocab/NoC-US/1.0/,j_dennison
r_rogers,,Robert Morris Rogers,,,,,compound_object,,,Robert Morris Rogers,,,,,,,,,,,,
r_rogers_001,rogers_wp.jpeg,Robert M. Rogers,,unknown,,Photograph of Robert Morris Rogers wearing West Point uniform.,image/jpeg,portrait,photograph,Robert Morris Rogers,,,,,,,,,https://www.findagrave.com/memorial/26543517/robert_morris-rogers,"Educational use includes non-commercial use of text and images in materials for teaching and research purposes. Digital reproduction rights granted by the University of Idaho Library. For other uses beyond free use, please contact University of Idaho Library Special Collections and Archives Department.",http://rightsstatements.org/vocab/NoC-US/1.0/,r_rogers
c_martin,,Chancellor Martin,,,,,compound_object,,,Chancellor Martin,,,,,,,,,,,,
c_martin_001,martin_egypt.jpg,Major Chancellor Martin,"Seeman and Peters, Printers and Binders",United States Military Academy Association of Graduates,1877,"Photograph of Chancellor Martin wearing Egyptian Army Full Dress uniform, taken in a studio in Egypt.",image/jpg,portrait,photograph,Chancellor Martin,,,,,,,,,https://babel.hathitrust.org/cgi/pt?id=nyp.33433009297635&seq=131,"Educational use includes non-commercial use of text and images in materials for teaching and research purposes. Digital reproduction rights granted by the University of Idaho Library. For other uses beyond free use, please contact University of Idaho Library Special Collections and Archives Department.",http://rightsstatements.org/vocab/NoC-US/1.0/,c_martin
r_lamson,,Robert Schuyler Lamson,,,,,compound_object,,,Robert Schuyler Lamson,,,,,,,,,,,,
r_lamson_001,lamson_egypt.jpg,untitled,,Au Jardian De L'Esbekieh H. Delie et  E. Bechard,,"Photograph of Robert Schuyler Lamson wearing Egyptian Army Undress uniform, taken at a studio in Cairo, Egypt.",image/jpg,portrait,photograph,Robert Schuyler Lamson,"Cairo, Egypt",30.033333,31.233334,,,,,,https://dc.lib.unc.edu/cdm/search/collection/00ddd/searchterm/imagefolder_11!00432/field/all!all/mode/exact!exact/conn/and!and/order/relatid,"Educational use includes non-commercial use of text and images in materials for teaching and research purposes. Digital reproduction rights granted by the University of Idaho Library. For other uses beyond free use, please contact University of Idaho Library Special Collections and Archives Department.",http://rightsstatements.org/vocab/NoC-US/1.0/,r_lamson
r_lamson_002,lamson_egypt2.jpg,untitled,,Au Jardian De L'Esbekieh H. Delie et  E. Bechard,,"Photograph of Robert Schuyler Lamson wearing Egyptian Army Undress uniform posing with unidentified men and a camel, taken in Cairo, Egypt.",image/jpg,portrait,photograph,Robert Schuyler Lamson,"Cairo, Egypt",30.033333,31.233334,,,,,,https://dc.lib.unc.edu/cdm/singleitem/collection/00ddd/id/263757/rec/25,"Educational use includes non-commercial use of text and images in materials for teaching and research purposes. Digital reproduction rights granted by the University of Idaho Library. For other uses beyond free use, please contact University of Idaho Library Special Collections and Archives Department.",http://rightsstatements.org/vocab/NoC-US/1.0/,r_lamson
j_bassel,,James Bassel,,,,,compound_object,,,James Bassel,,,,,,,,,,,,
j_bassel_001,bassel_civilian.jpg,Lieutenant James Bassel,"Seeman and Peters, Printers and Binders",United States Military Academy Association of Graduates,,Photograph of James Bassel wearing civilian clothes.,image/jpg,portrait,photograph,James Bassel,,,,,,,,,https://usmalibrary.contentdm.oclc.org/digital/collection/aogreunion/id/17525/rec/57,"Educational use includes non-commercial use of text and images in materials for teaching and research purposes. Digital reproduction rights granted by the University of Idaho Library. For other uses beyond free use, please contact University of Idaho Library Special Collections and Archives Department.",http://rightsstatements.org/vocab/NoC-US/1.0/,j_bassel
